公司名称,薪资,工作岗位,要求工作经验,要求学历,公司地址,公司人数,标签1,标签2,标签3,招聘链接
北京字节跳动,20-35K,数据分析,3-5年,本科,成都·武侯区·新会展中心,10000人以上,数据分析,SQL,Python,https://www.zhipin.com/job_detail/bdf22ea35fb3c7a00XNy2Nq5FFI~.html?lid=89AapUgEF39.search.1&securityId=hTFZvFwYAfIR1-X1rHrtZMBGh5xInsGYvf1agLjsP6o2bh9SL4IdWLDrMCcd1903zxyz4DxBdRFPCjKpPj1OxiQV-1Dhr6Fkr74iRmqX7E6NwKw~
观想科技,15-25K,数据分析师,5-10年,本科,成都·双流区·华阳,10000人以上,数据分析,数据挖掘,数据仓库,https://www.zhipin.com/job_detail/1ad3f41f675393e50HF73Ni8E1Q~.html?lid=89AapUgEF39.search.2&securityId=mwJnHtulMZ1W0-r1yzp8VMxROq_LBKysPKaw7_tXYKbgYISxl8uS0zsHs93JFt-_QLJwLq-vxDvOBBSgDXaFhaVnF8ybikSDQNFe8uYzkYBh7rNuEg~~
四川好爱家,8-10K,数据分析师,3-5年,本科,成都·武侯区·红牌楼,10000人以上,数据分析,数据处理,,https://www.zhipin.com/job_detail/a340ffe62c41f66103B739q8ElI~.html?lid=89AapUgEF39.search.3&securityId=1pkcbFe5H1Uz8-61Fqpi6ipU2olwkaaaolYmSou8fEpDrNQT3m8P9Hwu0rEkLwQeKlJhIVq_17TrUxa1cKm_aE3NoRRF3nPfMu5EXcDgqhRUJZsg
千百棉,4-6K,数据分析师,经验不限,大专,成都·龙泉驿区·十陵,10000人以上,数据分析,,,https://www.zhipin.com/job_detail/d1be7e91b9dc436a1nR60ty7GFBT.html?lid=89AapUgEF39.search.4&securityId=dHNndJEKwbH9U-n13C6MC9zTAT2JMWBJO399aXI6RIMcpGdHxWojI_BXQDrIq0zOARF3VqDPaii_1pyRm7xAcl77rU6edh19p_ys47_A6BS7Vy6fpMcl
先机战略定位,10-11K,数据分析师,3-5年,本科,成都·锦江区·红星路,10000人以上,数据分析,数据挖掘,商业分析,https://www.zhipin.com/job_detail/d93b85defbef5fd333x82tS8FlU~.html?lid=89AapUgEF39.search.5&securityId=5dPVbgBqWojgE-61xq8Zs4pOo3Sk6dq4qCD-1S2lAPeVMhzjSnGzSxK8cyW-Txj004m-3IVekEHVtVG-Z3GFjOywCY9FNBVFOZhHOtZ_lKmx6uo8
旷惟基金,1-2K,数据分析师,1-3年,硕士,成都·锦江区·沙河,10000人以上,数据分析,Python,R语言,https://www.zhipin.com/job_detail/813aed36158790601XR-3929FVZW.html?lid=89AapUgEF39.search.6&securityId=epOqrXIeZKoka-Q1LkFmrd5BtcI9dMPVpbF-Uj48uxzCOZL3REu_MuHIhCNlp60xI3jRlVCXlqKmtfKv7nN4s18cui_qf2n0ISCUXukMbF0crHneXoI~
蚂蚁金服,20-40K,数据分析师,3-5年,本科,成都·武侯区·新会展中心,10000人以上,数据分析,ETL,商业分析,https://www.zhipin.com/job_detail/b55c94a2b9a776b733x60t-7FFs~.html?lid=89AapUgEF39.search.7&securityId=07VD9ajq8ifEx-a1CSpnwV8VQ7ogy2-WLuSu_5kRGxnhqYJi-UfPSwVlHWxvdB6Hxcq1LnMPOei7msO7NApdddkmoKtJwPmQM1ItMOLiq720
易指生活,6-10K,数据分析师,1-3年,本科,成都·龙泉驿区·大面,10000人以上,数据分析,,,https://www.zhipin.com/job_detail/e8e8db461f172cf31nV62ti6FVVX.html?lid=89AapUgEF39.search.8&securityId=OED2WFxEL0Z83-Q18m_1IViGcStHzezB5N7zJkdiLik1DucjWvAHIcar6Onanu1UDU5pfYRJgFF99M00nsW9kj4ERPoArHPw5470qgDRE0h4OE5d8w~~
瑞倪维,5-8K,数据分析师,1年以内,高中,成都·武侯区·新会展中心,10000人以上,数据分析,,,https://www.zhipin.com/job_detail/25a18812161b828b33x_3921GFQ~.html?lid=89AapUgEF39.search.9&securityId=NqkbvCa7KypJc-j1WjpIeKXcMwGerDCqxARsetF6tHAGDgH36eh1B3YxPwGfNe2sa3Pef5uoV1pcz0xjAGnaaGc4LFsW3RY7pnO38FqmoVgau4w_-w~~
无糖信息(NoSugar),5-8K,数据分析师,1-3年,本科,成都·武侯区·新会展中心,10000人以上,数据分析,,,https://www.zhipin.com/job_detail/eee290beb2f0300133Bz2N60EVA~.html?lid=89AapUgEF39.search.10&securityId=lk_3diN7XMyAm-c1dt3pGartnh1e9TUYG1hEpr2FJD3xtzQY5K3VACArUVHXQg1OyA1OQGIaO0q9Cg-jx6dh6nAmldKpdW4LNjxINtK1fkYKulRQ
嘉谊互娱,7-12K,数据分析师,3-5年,本科,成都·武侯区·新会展中心,10000人以上,SQL,Python,Excel,https://www.zhipin.com/job_detail/f4260e1e62c737551nZ73t25GVBY.html?lid=89AapUgEF39.search.11&securityId=6fiYxdoU1i7h5-x1U9XjRotfSwaHCi-HhdMWVjSc83MbWH3n-i_j2sKA-zAAMt8trI-S2dwI0S_198gPx4nsL-_gaPe6Tw9V08jLhTUXPVHfn1Fm
西瓜创客,12-20K·14薪,数据分析师,3-5年,本科,成都,10000人以上,数据分析,SQL,Excel,https://www.zhipin.com/job_detail/65a1ae46e1e261b91XV52964FVJT.html?lid=89AapUgEF39.search.12&securityId=bspeGre9_svwH-c1CrrUmNiNvbaqN1eXjJVRmpnO2NQewizUVx4K-3qvYca9MhiePfZWVc8NlMLkYtBRjfDLRtQpSga0fbXN0XdGdpmqPpvdL8EQ
四川运泽,10-15K,数据分析师,1-3年,本科,成都·武侯区·环球中心,10000人以上,数据分析,数据挖掘,数据处理,https://www.zhipin.com/job_detail/270df636f5b2cca11nJ52N-9GFs~.html?lid=89AapUgEF39.search.13&securityId=L3bPq3RDuU80r-51ym9iC9DOQVXqI8hHCwyEnSumZX3rcktZ4VRhr0Vcm7U44VIGLdcg-KBteb_d5BeBmz66tUbhu45bzmXntr9thjhqShuT
BBD,9-14K·13薪,数据分析师,1-3年,本科,成都·武侯区·桂溪,10000人以上,数据分析,数据仓库,商业分析,https://www.zhipin.com/job_detail/6e2cba8d2e316c6d3nJ-3N65GVM~.html?lid=89AapUgEF39.search.14&securityId=72hDheSStMQHt-R1tyUmKqvF6drwk5h8LyUNyjo1SofbvuEbQWPNvYL5FKxK3W-FxhRz5mRwAWU7nMRmvD8ADUnbqqxC5laeblCa50265Byotg~~
创力科技,12-18K,数据分析师,3-5年,本科,成都·武侯区·金融城,10000人以上,数据分析,,,https://www.zhipin.com/job_detail/ed489accdc4296d50HV809y7FVU~.html?lid=89AapUgEF39.search.15&securityId=sfDgN8cnWahKs-J1qBnVvD4WlvJOIAlTUGsSDCSF6VK3oBmvvNW5BxsraMSdfhC0AipMGYOUb6iQR8ElUkb3fOlL_qP0Jeo9wfN0fYEMPmf8FKA~
北京景气经济研究院,10-20K,数据分析师,3-5年,本科,成都·武侯区·航空路,10000人以上,数据分析,数据库开发,,https://www.zhipin.com/job_detail/48c89b276177c9851XF-39-0F1M~.html?lid=89AapUgEF39.search.16&securityId=6mLItCRvU7giG--1N59e9N5Y587jlq1DTl0hGp2ufJOhxSWd1GzhDvAfTK1qLvdbqvc5lcvixCjuWgYReR9Qjl84r9lx88Hgza1ZAk-F9G-1
成都智信电子,6-8K,数据分析师,1-3年,本科,成都·成华区·建设路,10000人以上,数据分析,sql,kettle,https://www.zhipin.com/job_detail/d223d6b895a4be5a03R829y_FFI~.html?lid=89AapUgEF39.search.17&securityId=niqVmD4Ay3PcL-R1T6WXLnVw8OuyD8tJw2vg1QtAFMtF-EOpjuq2CRYSNPlNJD0OsQ3L_Yqz0pIeFrljcX7g38XvVEGMi1Eed1G-03vePrnlbeg~
今日头条,12-20K,数据分析师-成都,3-5年,本科,成都·成华区·万年场,10000人以上,Python,SQL,Power BI,https://www.zhipin.com/job_detail/2f8de7bf8f8a8a611XZ_3NS0EVFX.html?lid=89AapUgEF39.search.18&securityId=7Ln69T9DY7XfH-41LgEwIcpMHxG-LUlkiAa9fZFeCZDp-jshSok_RFpXK53OTSRbRYrTRZWgn2u53rwj5ucH8VnWHGKhZQ8EvpEjWmZMf4BE4fYn
往深商务信息咨询,4-8K·13薪,直播数据分析师,1-3年,大专,成都·武侯区·新会展中心,10000人以上,抖音直播电商,数据分析,投放,https://www.zhipin.com/job_detail/02ee28fb47347c1b1nZ409-4FldY.html?lid=89AapUgEF39.search.19&securityId=MTL95PQ7qYoMr-f1P9Kx4E7FOxLk8K2OCAt1gstVPfIWOT_BrGc3yjkT9zE0Su3CZQmjGTgn7Rt8gRz2dWvvrnkJGgREsFTx-1zdhtpq6xdtfAGy
数数科技,16-25K·14薪,高级数据分析师,3-5年,本科,成都·武侯区·新会展中心,10000人以上,SQL,数据分析,To B,https://www.zhipin.com/job_detail/8a6c29706e297b5a1n1829W9FlFY.html?lid=89AapUgEF39.search.20&securityId=wAQui6Hwi7yVX-z1XcCwLwivbwf1eNXyVffOhNfqXA-Fave-WT7HFES3UEDBvIUsluEuCF3rEoacUOakxCXCLXPiIMz3kxVi31eQnImBPkAkLY2Z
书声科技,4-5K,数据分析师（实习生）,在校/应届,学历不限,成都·武侯区·新会展中心,10000人以上,数据分析,数据挖掘,,https://www.zhipin.com/job_detail/966e1475aaa8eb881nRz3d-_F1FV.html?lid=89AapUgEF39.search.21&securityId=NKuD2MZbw7BHM-J12ix4W18inGjsAj3b6aMfbIYw35kfgCWT6dISQMUXONwx1RMM5H6ELvPjgeEvjQa4EVrnpNgOrTCvS3QLB7LcaDNEQajUJzSZ
饿了么,15-20K,资深数据分析师,3-5年,本科,成都·锦江区·天府广场,10000人以上,数据分析,商业分析,SQL,https://www.zhipin.com/job_detail/6d81411353849c861nR_2Nq5ElZX.html?lid=89AapUgEF39.search.22&securityId=DR1ZqM-ONM5rW-P13Skdw49BRine8ZqI0Kr6lDguGn9-BtNDJ4VnBoonsUls06sSL224UJnGL_tDvofmDic_BgzmE8TwpDf7JKtmUF7qdvCf
廊坊智慧环境,4-6K,数据分析师---成都,1-3年,大专,成都·锦江区·四川师大,10000人以上,数据分析,,,https://www.zhipin.com/job_detail/13d03e9735f6d2481nRy2du-EVZV.html?lid=89AapUgEF39.search.23&securityId=hge9VMxNZHbvH-K1Ewlf6v4lSRK76AncjhLEdDfiXoSUp5OOAqrlk1ZWPt2rKoPSizFNwvCEO5YxuOv5G-sDUeVFXjUlH82RwNPABymmrXMf9K9rtA~~
星合互娱,7-12K,游戏数据运营（游戏数据分析师）,1-3年,本科,成都·武侯区·银泰城,10000人以上,游戏,数据分析,SLG游戏,https://www.zhipin.com/job_detail/3e3a1c8c22ff108c1nR82Nu4EFVQ.html?lid=89AapUgEF39.search.24&securityId=YphRi54WBy6mK-U1lWSYFDRsuoasaOnTrKKV9dBVZ2JnjmGzBE0Iq3q2Z-_jawx04hmRJk2FfRewPxRzyeCHmNA4CgMEqEWmP7d4Iydg8kcL8M2BKQ~~
Nexa,9-14K,数据分析师（双休 五险一金）,3-5年,本科,成都·锦江区·合江亭,10000人以上,Python,Excel,SQL,https://www.zhipin.com/job_detail/e1b406bef01f1a0a1XZ539W9E1ZQ.html?lid=89AapUgEF39.search.25&securityId=bbi6aQ6nKFFJP-B1i7dA-botBsaDy2pKnaduXUx1P26uwJywnunXOSVCrQfsyR4sMqt0MpRaXLg-qC_MnWz0O1oEixl0HSr2bs93qwks2MQ1veVL
清环智源,5-10K,综合数据分析师（成都）,经验不限,硕士,成都·金牛区·营门口,10000人以上,大气物理,大气监测,成因分析,https://www.zhipin.com/job_detail/d4c18746009409f91nB83ty9F1JW.html?lid=89AapUgEF39.search.26&securityId=NMWXyZ7uwC9Zq-M16yKUJC2wh1bMsCZ-bf98yKZwWU0TIDfD4afIy6ZLKCEx0EoFwHG7acofAwNjpXM2WzgCf6vzlLmktDPPqrFwExkxd6-hfMiHtas~
斑马网络,20-40K·15薪,数据分析师,经验不限,本科,成都·武侯区·大源,10000人以上,C++,,,https://www.zhipin.com/job_detail/8a19926b113c75d81Xd70tq7ElNS.html?lid=89AapUgEF39.search.27&securityId=tBIUlXS6D99id-q1QtSBPC8mmOnz_GFUE-1S4wJOd5kF6nM5qqT2_Qm5m4sBSUgG1iCrU9-UYiOkeEW7J7aZux1qiHXoP0urkTV2Yl_g41RHEfgt
衫数科技,15-25K,数据分析师,3-5年,硕士,成都·双流区·华阳,10000人以上,Python,SQL,,https://www.zhipin.com/job_detail/d98dc862de2fed4a1XV42Ni4GFZQ.html?lid=89AapUgEF39.search.28&securityId=bAFiH51C8RxNJ-11eHlchd6zaiW95RmCP08xT4QADwcyK4S1oMD10RRSzVLeJkxY6DWvBFmGYgb3PZOPAUQo_1fdU_T9BFRDHYJumm90Z93j1OmVsA~~
云鉴未来,12-20K·15薪,数据分析师,1-3年,本科,成都·武侯区·石羊场,10000人以上,Python,SQL,决策树,https://www.zhipin.com/job_detail/3a4feb24edf8408d1XR52Nu8F1FS.html?lid=89AapUgEF39.search.29&securityId=bvES431NYW7G2-I1dcQWJme4psQvs2HNZGDcqJijEZuYQOE0DXgSKZBTSuFtzb0ShjoAeCgaHFEvYj1vqvIvx6doGN2GnZsmmFiT95Snt8FY8jCG4EY~
华为,14-28K·14薪,数据分析师,1-3年,本科,成都·郫都区·高新西,10000人以上,Python,Scala,Spark,https://www.zhipin.com/job_detail/2e1ded2e4b0720ac1XZ72tm1FlRQ.html?lid=89AapUgEF39.search.30&securityId=QRHt1fXOyFpUM-L1UEANN869o6Dp95Cm0ETv641Lhha7Jhq6xzChwdIktoEdOAW8naTDHVOXIfcXfxhstFEf36Z_WTXQkpHpfoANU-Kz1LIGxr0~
快手,8-13K·13薪,数据分析师,1-3年,本科,成都·双流区·华阳,10000人以上,Excel,SQL,Python,https://www.zhipin.com/job_detail/3515a472c6cb76af1XR-3ty8EldQ.html?lid=89AapUgEF39.search.31&securityId=m6sSTS7usH-dM-n1fh0FDLam1kw-bTMrI2NpmfTJmyfrd08T2jorGLvG_2P6G7ZOgIJ4-WB6oj4_2Vb0mQxaxXYjXbruagjfG6Cs24yu-GgqVaw~
云达智业,7-12K,数据分析师,1-3年,本科,成都·武侯区·新会展中心,10000人以上,Python,SPSS,SAS,https://www.zhipin.com/job_detail/504b4b5181e461251nFy2965E1NT.html?lid=89AapUgEF39.search.32&securityId=yaKyG72D2tbiv-P1KpoypjlnRQrV6xeMQNUxaVm0MPHwlsNN9Hz22S0GTuDlYhj8X2NpRTJjFT_2XDcVqXg7HkpUxKGVNH93FeAMR1jlhLVY9GhXHQ~~
成都数联产服,8-12K,数据分析师,1-3年,本科,成都·武侯区·桂溪,10000人以上,Python,SQL,Spark,https://www.zhipin.com/job_detail/b1d8f738b2a78fd61XR83961GFdS.html?lid=89AapUgEF39.search.33&securityId=d8rSuQun1JsBz-V1miw95Ycxn2e9ndBnUondSKdtoXWZ5gkExDHXpauZ-EKB5u7VsY3fAZ0Xx6FZP50fnEGT_uP9XD0JDS3239qr53-qhtHNXwnRpvSO
浩瀚深度,12-24K,数据分析师,1-3年,本科,成都·武侯区·高升桥,10000人以上,Spark,Kafka,Hadoop,https://www.zhipin.com/job_detail/94875ae5fb5ad6b91XR83dy9FFRX.html?lid=89AapUgEF39.search.34&securityId=77SMTVYZyYiRz-61wlRIKUCa5vQRgFcARXybPfz9McNLnxoSAjsYzHfM49ryaBj_vkpDcTLDWo08dPSvxqFlb2CD7FPWcizq0XywyUbQFo3ob877
达实旗云,9-14K,数据分析师,3-5年,本科,成都·武侯区·新会展中心,10000人以上,Python,SQL,Spark,https://www.zhipin.com/job_detail/d79eab3e3ea5275b1XV62dm6GFBY.html?lid=89AapUgEF39.search.35&securityId=VLaTdfsaFUSZR-Y19QScTI5SEw6Sa_8hqTgi84wQY73gKbJusqKtL9FyxG-0eTvQN_gP4lHA6nIARgiqW3gfLr3dnBPmM-RtwbfY3BSf48zeKQ5gpMNn
瑞健恒业,5-6K·13薪,数据分析师,1-3年,大专,成都·武侯区·机投,10000人以上,Excel,,,https://www.zhipin.com/job_detail/bae34da4e6ecc0301nVy3tS0E1RR.html?lid=89AapUgEF39.search.36&securityId=7i8D61YZk03Nu-I1vwBtTniycjQRBl7vO1i_hVVDlkRQYjel0Xse8AbSSyG0-DuOje4hPSq7sU9jLtEhg5ZY1vEj8i8cJf4gw8S_4B3RO3UaoCFKtg~~
特驱教育,10-13K,数据分析师,3-5年,本科,成都·郫都区·高新西,10000人以上,数据仓库,MySQL,Python,https://www.zhipin.com/job_detail/898b7256799a20670Xx90t-5FFU~.html?lid=89AapUgEF39.search.37&securityId=MhZHP020_EFgH-91KrfkNtKdvSYE9fpox2j8Y1Wi7SZ04nRiipers3Wr-1uLQj8Eh2pKUYPKNXR-TMJuicGclo1tc2LXZdQPgxOpKRdH2nB8sRl5
顶视科技,6-9K·13薪,数据分析师,1-3年,大专,成都·武侯区·新会展中心,10000人以上,Excel,,,https://www.zhipin.com/job_detail/3ebb6e364db1bcb51nxy3N67FlVZ.html?lid=89AapUgEF39.search.38&securityId=oiX3I4alYyTvt-o1EQJD6LhsVRfSANckxNWwZs9Uo0e3avpQBiHfJ9FXB_37a_l6AVKtFWHsiiNGkJ8t8-E65ZoauBadAEEtXm41EVMLBH1n-bTgPN9Z
云上微游,7-12K,数据分析师,1-3年,大专,成都·双流区·华阳,10000人以上,Excel,Python,,https://www.zhipin.com/job_detail/c34b1a7bb0aaca361n1829q7FVVZ.html?lid=89AapUgEF39.search.39&securityId=qdcEojUW2b4UP-C1pb2n1SYtYi3o2--Rbpu20SOXIkoUxAj1wVw1rfPf-4QYpliNiHegjnS9jOY8vWhKjzkpvKxLfjxeSCdqg4-MeIb3jwQAFhyEWGU~
望瑞柳,8-13K,数据分析师,经验不限,硕士,成都·双流区·文星,10000人以上,Stata,eviews,经济学,https://www.zhipin.com/job_detail/c15fd97c926f55b71nJ_2Nu1FFVS.html?lid=89AapUgEF39.search.40&securityId=vF3o319UzApwJ-o1JmbHWbEEBmV1Q3easaNX8oIddLFZU8aprJCCsZEFkvnIuKSuX1h_iST9a_K-frK9igGkOxRP9fRU858WRsa3vVnvYSrWFDgJEnaJ
兴洪嘉,3-5K,数据分析师,经验不限,大专,成都·金牛区·蜀汉路,10000人以上,Python,,,https://www.zhipin.com/job_detail/dad9c7b8027eeb7e1XR43du4E1ZW.html?lid=89AapUgEF39.search.41&securityId=wzBkWRu3wapUe-v1jlp7eP1Sfg1xBwuDaaE5-5KFRwUxDZxfvc1idmoU7xKJbNPz4KjBxkK7KjjhGu7fwlHvc01K77mZhrUpilWFyIjTxe59oc5kBg~~
联通高新,10-15K·14薪,数据分析师,1年以内,本科,成都·武侯区·新会展中心,10000人以上,Python,Excel,SQL,https://www.zhipin.com/job_detail/188d307c42e1b9651XR40tq_GVJW.html?lid=89AapUgEF39.search.42&securityId=8dSzNaoCtA47T-P1yHM8OJOy-2XZXYE1ugP0B-wjXxkSZsJsufxQQ4ptt5efOMwZe3uo60rEIHinpFF7H0kwcVaKPkqS8TGgrDVNt63HbSVRwiofD4wH
之了,10-14K·13薪,数据分析师,1-3年,本科,成都·郫都区·中海国际,10000人以上,Python,,,https://www.zhipin.com/job_detail/2b7ae94c0894171f1XVy39u-FVBT.html?lid=89AapUgEF39.search.43&securityId=Qn2bEZF6wzPtR-M1waWhpmFOmVBbl-5yb1RU6zO4t2p_0kkYVsXCqAKXIo1r_PxOYj65jU554fCutO5ZhtSSlr8VKrw4Ply2RRQKzwfsk-zG3e8j9qs~
麦可思数据科技,7-12K·13薪,数据分析师,经验不限,本科,成都·双流区·华阳,10000人以上,SPSS,SAS,Excel,https://www.zhipin.com/job_detail/ec8704f20db82c7b1XZ52ti_EltW.html?lid=89AapUgEF39.search.44&securityId=McSUq3m6OaupB-u1yCSkl7SGARzt3FSEK6IB1k6SZn0l346606TBui7-a43o68UsypM6E1XxxuEVQ40h3Zv5MqfE67cs1Sdtintp1Ae-DVtCH8hIstEN
四川书亦,7-12K·13薪,数据分析师,1-3年,本科,成都·武侯区·火车南站,10000人以上,Excel,Tableau,SQL,https://www.zhipin.com/job_detail/948bb17e0e68861a1XZ83du_ElVQ.html?lid=89AapUgEF39.search.45&securityId=YqW4THBCwLW7_-V18sg9gR5E6UepkvhzpKd_NbvbUUGXyDXT25v38dhujiO4SJhRD1zu3uRfFzafaYqUEsqd-tCOxpIubfPAZ0sqWpPznZFdN7nt
四川新绿色药业,8-12K,数据分析师,1-3年,硕士,成都·金牛区·沙河源,10000人以上,Excel,SPSS,,https://www.zhipin.com/job_detail/546e0536bf55319d1nZ709q-GVFW.html?lid=89AapUgEF39.search.46&securityId=1U6z4jKeZRkMh-H1W4ZhiHp6dWAkrFj1qnvV4Viqu2XAqaAUNRwEUFCyffxoe-Efe_X9HdMwwzbEosaeMhhObvZQZh-9KdYtDyHijjLpxRQZVEZJ
货拉拉科技,9-14K,数据分析师,1-3年,本科,成都·青羊区·金沙,10000人以上,SQL,Excel,,https://www.zhipin.com/job_detail/bb7e8160e15654a31nN60ti8FldQ.html?lid=89AapUgEF39.search.47&securityId=mvXGpZn8xOkkY-N1fseHuoqqCYsFFbyutMNsypp4oYTxdNkI030_ySf3tCjJERh1RZ-9fzAK8Y6PUBovfXBvgTguu75-k1HznZtewmVP9ARA3Q~~
大道同行机器人,15-30K,数据分析师,3-5年,硕士,成都·武侯区·石羊场,10000人以上,SPSS,回归分析,多元统计分析,https://www.zhipin.com/job_detail/4b4dd6966940a4f41XV429m7FVdW.html?lid=89AapUgEF39.search.48&securityId=Jv-8L4_xwd8ev-l1JsGgCYVkW4uBb2yQ3h5DjzalDiEnsumz4nLuMAJCspI62eYDCDg1cX9z7760A1d5T07-hc6EffeO46nX9C7az6ErCgbG5IiCeA~~
成都多科星,5-8K,数据分析师,1-3年,本科,成都·武侯区·桂溪,10000人以上,Excel,,,https://www.zhipin.com/job_detail/3bdbf4ad8bf841081XVy39y4EFRX.html?lid=89AapUgEF39.search.49&securityId=qW49PCm8Fy1NJ-d1fzEecjkaViTmo_LVQ0TIWfG96utZM2TIk535JYRdpCfY7Tejl3ydv8RyOfAWkob8YBLCGh3xlw1XJzG7IbP55qG1mmbVq_Vn16g~
极略,10-15K·13薪,数据分析师,经验不限,学历不限,成都·武侯区·新会展中心,10000人以上,SQL,,,https://www.zhipin.com/job_detail/fbacfe1e1754b81b1XZ72t26FVdV.html?lid=89AapUgEF39.search.50&securityId=TuIOOFwZuDc4K-c1gKMRwqOjfEA82-cpDVT7hRuxZwqdPIbB11HSn7ZemW-xqJczx_WvKKOw7wPFWcl9c_218keARLRhoTGWxQ4QLlz9bI4Tc61_W_w~
新航路教育,10-15K,数据分析师,3-5年,本科,成都·武侯区·新会展中心,10000人以上,Python,Presto,SQL,https://www.zhipin.com/job_detail/5f61d8befa010e6e1nJy3Nm6E1FV.html?lid=89AapUgEF39.search.51&securityId=BGPG8CaJO3JRO-L1-rI_Ragy1P0LpbZy3wm7i5L8BmAFe4OE6KYY4QgsUEIOmRLxnw1XS-0Tvh64_dNdqluG39maiQ0NAqi-f3EJaW2SwV_wicuKUFg~
派可数据,10-15K,数据分析师,经验不限,本科,成都,10000人以上,SQL,Hadoop,,https://www.zhipin.com/job_detail/a5b9b7eca423fed81nB93tm9EFRQ.html?lid=89AapUgEF39.search.52&securityId=0WFLtRMQ2MRjo-f142BENOFfSuU1aGGdB8mXCYK7TK6hlZDihauqc9n2An1HzbWXVvHkRFmUtplSDRtmKgDNHC7eJK8eGccrDFKdOGtvQvTCOAS-zg~~
极略科技,7-10K,数据分析师,1-3年,大专,成都·武侯区·新会展中心,10000人以上,Python,mysql,,https://www.zhipin.com/job_detail/5f4aa6f487efe4f41XVz29i6E1VV.html?lid=89AapUgEF39.search.53&securityId=6zUxByVYDXKEM-L1oXmrTCKWVAy_oqwhurktGB7cfYEK-ZdVAO5pi0FzuoimLsMxYUZ-_2a4KulcP2nfL6nmcXeTkGcxiX-JlfNDQ7VHoXkCzTUvbrw~
绎达股份,4-6K,数据分析师,1-3年,硕士,成都,10000人以上,SPSS,Excel,,https://www.zhipin.com/job_detail/3ace51a9b69a5d1f0XZ-2tm8E1c~.html?lid=89AapUgEF39.search.54&securityId=2uuAYnZjLE5vl-W1W9jwXVQcUCMETzXBw2nNzPhXnsrPM1BEY99sFt40obO0jHalUpKPqcym7lBTMLAFxtCc2RYX_fLvPTP_mF6hpWVxKdSeOnUP
享宇科技,7-11K,数据分析师,3-5年,大专,成都·成华区·红星路,10000人以上,Python,BI大屏,Power BI,https://www.zhipin.com/job_detail/7d62b426f68e60931XZ40ty9EltQ.html?lid=89AapUgEF39.search.55&securityId=EoP1uhg36aslQ-h1VrawvFv093_R3f7-xYq2Id7xwPd4glybAs7rR_gN7DCllEEsEKu25voZQfZpy-bu3ECIGuvknIpov8DCCEWwMRYUsDjqvigYDr8~
六点水,11-12K,数据分析师,经验不限,本科,成都·双流区·中和,10000人以上,SPSS,,,https://www.zhipin.com/job_detail/92f2d57f5ad30c711XV_29y8FFZQ.html?lid=89AapUgEF39.search.56&securityId=2eslEwZQkvLXo-G1ROIJrH8fhVKupPV-j-MweoXxmn3wQR288W0I6OtnzOQZlAZwrFbUGgddmaxNePdW6L3LK6RlfWtovj3QSWS1LqOvVHBUtjgERNg~
融晟科技公司,11-20K,数据分析师,1-3年,本科,成都·武侯区·新会展中心,10000人以上,SQL,Spark,Hive,https://www.zhipin.com/job_detail/30d06676c60ef32a1XRz2dy8FFZW.html?lid=89AapUgEF39.search.57&securityId=zuVXWZSZggPo_-i116Pk1DLqDVhlbRvqr4pyEyuB5ov4_0Z4JO_lCQdi77ltzVmPBCFfgfLQW36HiZUyv3vkWtAMfTTP_Fnv4E0qHQYE7wsXrZngiw~~
京东集团,20-40K·14薪,数据分析师,1-3年,硕士,成都·武侯区·机投,10000人以上,SQL,多元统计分析,决策树,https://www.zhipin.com/job_detail/4daeda685eda43ea1XR52ti4FlBQ.html?lid=89AapUgEF39.search.58&securityId=p6U1zpKgsyo49-t1HS1n-h5npXa0pJyn7FoRF8Cw-LVlHC1hedfYTB2XH8SkVNuOgID2JTmQmsw_OZV218VyvueO-Z1jaq6MBWnPz6nrsbKU2w2q
佳发教育,7-12K·13薪,数据分析师,1-3年,本科,成都·武侯区·金花,10000人以上,Python,SPSS,SAS,https://www.zhipin.com/job_detail/8814cd1881be1f621XR53965EFBW.html?lid=89AapUgEF39.search.59&securityId=7J52vW5bsw8EC-s15lCMwC-IB9W8YbfgTZkTjKDFO-jX_9UPhVEKa8StG8JBY18Nj-mnaIubP4MBu5o58UX4wLQuYRUBUAwfP0ZcHuMss-S2IPykODzF7CDO9njdLWkNJo4yjFPfeR-n5a8x6UMCzWcs
乐超人,7-10K·13薪,数据分析师,1-3年,本科,成都·双流区·华阳,10000人以上,SQL,Excel,Python,https://www.zhipin.com/job_detail/4188e6131657fbaa1XZ53tm5FFBQ.html?lid=89AapUgEF39.search.60&securityId=8hlKGKrJ_x0hx-114_rh10ZW9Rgd9MxDFGoNBdwhXJsbVouiAbn7Mwm1XfTDnPY8wOL1aG3AMLyUUXlrGjudPfNcpJhrCNPNpPIzi3SAzf43p5f3ayPYsmIBHVJ6PfDmt6vDlpyKbH7vbrT3NSw-
我行我数,11-20K,数据分析师,3-5年,本科,成都·武侯区·桂溪,100-499人,Python,,,https://www.zhipin.com/job_detail/b131e54399c562731XV90tS1GFNW.html?lid=89AapUgEF39.search.61&securityId=wI3hrBjfs2a5r-C1ZdcfuZidGWHG2EpsV8v7rC0-MLG8W6MR8UTAhsOD4aNP7Uyvrb_J7KE9BHMLS0QvrDmjYo1VR9RopRPMoZT_Bi4XqYs037RVtSY~
成都新航在线教育...,11-20K,数据分析师,经验不限,硕士,成都,100-499人,Python,SPSS,SQL,https://www.zhipin.com/job_detail/93fd047a52e38d351nB-0tS4EFRX.html?lid=89AapUgEF39.search.62&securityId=lB4GThlFt3j8S-H1Ix0f3PbpdA7eoSyCbJ3KBIoP6QnOsD9QepBxBn4Pq1fdmsiBhSPlpvDK4VqfSmcew1k66QDCxdI_SQF4Tn4bq_6HYl_LI6VmoE2N
博问金服,10-13K·13薪,数据分析师,3-5年,本科,成都·武侯区·新会展中心,100-499人,Python,Excel,,https://www.zhipin.com/job_detail/0543b897308b8b991XZ53N2_FVJR.html?lid=89AapUgEF39.search.63&securityId=WGzOPSXuLlpXr-81BFiCSZDW0J77YDcSENJ1gz2BPabPcYeMXaLy2Ewo4h2D-ypub1uEOmiS6Ejsqf3JcNZg05dHOOOvszqec6kOdsnGXyu1S8QHfcK0jP_Sss9KUEjL4uNBwhohGTSz5FNXEVJ-nQ~~
去哪儿网,7-8K·13薪,数据分析师,1-3年,大专,成都·武侯区·孵化园,100-499人,Excel,SQL,mysql,https://www.zhipin.com/job_detail/8e4f2a209cba72ae1XR509S4EVBR.html?lid=89AapUgEF39.search.64&securityId=Kl6QFJvmyImfQ-71kBuColrRQEyPXiRE2edMV7udwuWXgO_6h6UFbK2jCncNLKVpsE7FLKC4jZXaeErABeEzT80MOwOx8KoK9B4xQjopFtvK9be2
上海冰鉴,20-30K,数据分析师,经验不限,本科,成都·武侯区·新会展中心,100-499人,Python,SQL,决策树,https://www.zhipin.com/job_detail/3433fe34dce70eeb1XV53t-1EFtR.html?lid=89AapUgEF39.search.65&securityId=DX36xT2mrJ-K0-91L8ra8JrDHV0H1QYpnrnkFcSeYTO1IeWl_zQj1fe9_oQyewGZ6dAYmVKvPlY-cL97bcHqWH4xQc5I6gXzzo84FYBDFZHbKNfsvgIrzvbBjz14sp_eUDI_nUa5RebQekoxPo7gUg~~
民生科技,20-40K,数据分析师,3-5年,本科,成都·武侯区·孵化园,100-499人,Power BI,,,https://www.zhipin.com/job_detail/f5a3a20bb2bfc1ca1XVz09--F1ZW.html?lid=89AapUgEF39.search.66&securityId=hYjqJlgtf5VOc-91mhi6-L3iKYv436NgIcW0u1Jc5lKGJ0exu8XmEVt4LI99frsI4rniLR8QBul2mcZ9WYuyDREJpjT_nosVlvFbY1Jm8TBpzpvXKg~~
中企通信,12-18K,数据分析师,1-3年,本科,成都·武侯区·省体育馆,100-499人,Python,Hive,Hadoop,https://www.zhipin.com/job_detail/c74a2a36855ca9c81nJz3t68E1NX.html?lid=89AapUgEF39.search.67&securityId=uaK6SVEvBvSGH-W1VXR7UqaSUrJSiq9b1XG2l5lU_VQMmBfozXDuVn7wOv8RGtX3x-dISZbvzkQu7RWyH3SVwmmeZltc_TTPhOf7p6Gi0gurc_jR
成都路行通,15-30K,数据分析师,3-5年,本科,成都·武侯区·新会展中心,100-499人,Python,SQL,方差分析,https://www.zhipin.com/job_detail/39267dbd86e25eba1XZ53NW-E1NX.html?lid=89AapUgEF39.search.68&securityId=SgbfabtHCxUge-J13tUuehBufA5nSoL0GA5lR4CdnliEJnAROsPEWz7-K2JKwRDcI6KfEZ1OJ5kqH2DxBEBb0ylcxQABofoY-tV28DApG9MYK8kYLg~~
必立弗音乐,8-13K,数据分析师 （Data Analyst）,3-5年,学历不限,成都·锦江区·万达广场,100-499人,Python,SQL,Tableau,https://www.zhipin.com/job_detail/c827d6c989048bc91XZ509u6F1RR.html?lid=89AapUgEF39.search.69&securityId=d1qjYGZkTTh3b-m1aAjxzetrLyAu7N7AdAQzv66pwFa_oXPrkqhD0BdsnC-dOleHynt1FRspuNfDoDH_EtkECGojSgdeiOqQb6L9mOscuRKIvs3shQ~~
智联数据,4-5K,数据分析师,1-3年,本科,成都·武侯区·孵化园,100-499人,Excel,SPSS,大数据,https://www.zhipin.com/job_detail/314d56cf5b4632381nd62NW-GFNX.html?lid=89AapUgEF39.search.70&securityId=4jkToF4m0ErPk-51aCcW76aize70xlMh2uMvK5WU13MD1etxZXnjzfKtLdOprBETuQxWeGEatk90smEpdkDWFkeVj2BywhhP9j37-AsPPadfvud40mOb
哈啰出行,5-10K,资深数据分析师,1-3年,本科,成都·锦江区·合江亭,100-499人,SQL,Python,R语言,https://www.zhipin.com/job_detail/15fedb4e30b381fa03Ny2tu6FVI~.html?lid=89AapUgEF39.search.71&securityId=2QRQie4kuPTpc-t1-GGCL2b4gxl3nyXLaGFi1xesR__XrJXbNEqCAlr93XLX3E__bbNZeqmG80zYG42SpORZYGR82kOHTmyUld6xO3UcwKp_SP8~
悦衣美萱,15-25K,高级数据分析师,5-10年,本科,成都·金牛区·人民北路,100-499人,Hive,SPSS,SAS,https://www.zhipin.com/job_detail/21df50171c905e381n142Nu5ElRV.html?lid=89AapUgEF39.search.72&securityId=o9XDnl6XrDx6I-61aG6PiWqs8sxRIC0UvFgLkzSlO35JqHuak0W4ytMPyYfRPriWgCZWPQADFysyyjULdO-EE642YA1U_GAY_cp7ImPi166aX7KNeNYZ
不问科技,4-8K,数据分析师-西昌,1-3年,本科,成都·武侯区·火车南站,100-499人,Python,SQL,Spark,https://www.zhipin.com/job_detail/ba3fdf875d4c885d1XV-39m_GVFQ.html?lid=89AapUgEF39.search.73&securityId=LM7Hzj9yte-ja-r14k4N698AI2SvGuXrqcJWO5KcyMRftRsnIS3kpXCcyBhI6-kADgmRT2ozIrqSiybsr3l3LKSImMVQbEaBu1iDt0YNSkSWPCnMWrc~
伏光光电,12-24K,数据分析师i,1-3年,大专,成都·武侯区·桂溪,100-499人,Python,,,https://www.zhipin.com/job_detail/b68668d7d938942b1XZ53dy5GVBQ.html?lid=89AapUgEF39.search.74&securityId=d9FOKSHq97ijs-Q15Li6sxmuOXuA_NO2RWTAWhDzphwqKn2zKZFET7Bx9uaF2iug_cWUlmsk4jKQEmwuf3bVhPKFunfVhwIlqaoP1qMkUEAM2ik49io~
美尔贝,15-25K,资深数据分析师,3-5年,本科,成都·武侯区·新会展中心,100-499人,Python,R,,https://www.zhipin.com/job_detail/167d778bead5e3271nN42Ni6GFFQ.html?lid=89AapUgEF39.search.75&securityId=R0du4NUFm383s-z1MYx0X5dO9PX6jEM4UUUFxdCA90_g8X9fmQ1YAcFM3vKeI_QtC-XHf_ZwPguok_nKy1W4OrmQDrn3Z5eFw1-TH7xR2BFv95gG
中海华晟,5-8K·13薪,数据分析师（成都）,1-3年,大专,成都·武侯区·高升桥,100-499人,SQL,Python,Excel,https://www.zhipin.com/job_detail/2150bb6cde27a2501nd73Nq8FVFR.html?lid=89AapUgEF39.search.76&securityId=nitNnHeZHggqr-x1vB5PdK14t33a6NCMcH4n40Y2qxaGbkAk7t40k-vBafvMHHVkDupg6NYYnKhTfM83weyASYOL9tiIRD6y7aInT_UVAU5Um-w-
北京华初咨询有限公司,5-7K,市场数据分析师,经验不限,本科,成都·武侯区·新会展中心,100-499人,Python,Excel,,https://www.zhipin.com/job_detail/969c52c9b84932171nBz2dq4F1ZR.html?lid=89AapUgEF39.search.77&securityId=PItktVxx039eC-i1yY0aaFRJgOMRH8t65cYPQfWVXehIFAFfXjhSuN_yi6B4gjgnFqjWzdFT4RjecKyhPCpFk6XDTOJbUI8JPaOXeQB9hZeYkR47vzSb
东信北邮,5-10K,数据分析师(成都）,3-5年,本科,成都·武侯区·航空路,100-499人,Python,,,https://www.zhipin.com/job_detail/ecff45d10a69a5821XR73dy1FFdZ.html?lid=89AapUgEF39.search.78&securityId=OjF8-3pKn9fRr-H1Cet8UHL2VztZo1425bfw2h4IrpB7goLax3R38u257n6yLvw5gkPUVWveKDOgBOhipkr4KfpUyXW17yIqt06chsevKuZBOBNP
乐狗科技,20-40K·13薪,数据分析师（分析向）,经验不限,本科,成都·武侯区·新会展中心,100-499人,回归分析,,,https://www.zhipin.com/job_detail/59cb7d9ee5d3bda21XV739u5F1tZ.html?lid=89AapUgEF39.search.79&securityId=-tRKev5FlL1tf-I1U-C6hZQBe5MJjWpOofoP6JXR6wnBPDbzbF4EE5ddhhJcIMdMnRjOr9YH3dAVq8XAWKg0iwtXPGuP5mQ79C7gbYldgmuDA_E4c3M~
赛诚科技,9-14K,数据分析师讲师,经验不限,学历不限,成都·武侯区·环球中心,100-499人,Power BI,Excel,Tableau,https://www.zhipin.com/job_detail/25b685236054cb3b1XVy3tS0F1dR.html?lid=89AapUgEF39.search.80&securityId=5JLLOADNVb6pK-Z1iQJ1_Q_OUREj4hOaIItpW4-overmwS9RD1QTdgFO7lVmvROzH7MrmxNr_Kx155os6nD1m2FVJLAEKKE7q-qERYc4k8q852XtrAJh
中创云讯,2-4K,数据分析师助理,经验不限,学历不限,成都·武侯区·武侯立交,100-499人,Excel,Tableau,,https://www.zhipin.com/job_detail/89ca588a740aa5a31XV92Ni0F1RR.html?lid=89AapUgEF39.search.81&securityId=6g2TjXMNnnuQ8-n1y5mN0iVMZzgvSZGCXTnfA7FjZ8gm-t7_-uUN24A7C2Zd_Uj7_O_INkZ-GUKcl3kHkINcFt4xpxvF9EoOZS_r3qpBwhPZr48pVg~~
声呐,4-7K·13薪,情报侦探/数据分析师助理,在校/应届,本科,成都·武侯区·新会展中心,100-499人,Excel,,,https://www.zhipin.com/job_detail/b63bf774f02be39c1nZz2du0EVBQ.html?lid=89AapUgEF39.search.82&securityId=kh3wMFypViGPd-s1tJ2F3depWyoTVzLBv4guDqcljafg2YSbdmFviOcrhfWEz7omyQLfo99fMMGXIN4k4_GConm1YOFODEU8hPC4tDlUh9S7dIOUYyM~
美科环境,6-10K·14薪,来源成因数据分析师（成都）,经验不限,硕士,成都·青羊区·琴台,100-499人,Python,PMF、ArcGIS,大气科学、气象学,https://www.zhipin.com/job_detail/36b7656c1efee7931XRz39q0ElZQ.html?lid=89AapUgEF39.search.83&securityId=rVtvFleg7Y7OF-d13z9JZV3-q4LkcNSzopUbYuwj0mB3eHmIXhqTxlZLdNxWtmbuKRZor1fP44mUuHLRj18ypfGAZMnY2u988gpsNN5pjpwkzix0Nqs~
久远银海,12-18K·13薪,数据分析师（市场监管行业部）,1-3年,本科,成都·锦江区·柳江,100-499人,Python,Scala,SQL,https://www.zhipin.com/job_detail/1383752a9c0db1981XZ82965F1dQ.html?lid=89AapUgEF39.search.84&securityId=uHOGAfgT4T7hi-V1bzdgkLQzfIlzXY5cV-L_BlCrnJEVjnSfi57o3Ps4Hu7tF4JqEMyJy5vrN2NCS8HJnZAOzK4Niia8OCgp2ahf6huckT9--H0r
药融云数字科技(...,11-18K,高级化学数据分析师/化学信息工程师,1-3年,硕士,成都·武侯区·孵化园,100-499人,Python,Excel,Matlab,https://www.zhipin.com/job_detail/9170251b9f312b651XV52d69E1VY.html?lid=89AapUgEF39.search.85&securityId=3KBcrapwQHT0Y-V1E0RrmMhnfMPjHTyIODgdcAGbvA0kjWj882qufA_xZiyCdlJEqPmHtcHqcfozM_M-buTXTZbdaT1TpvIgmScGBDxNDQx6NoSjjyk~
安天集团,15-28K·13薪,数据分析,3-5年,本科,成都·武侯区·新会展中心,100-499人,数据分析,数据挖掘,数据开发,https://www.zhipin.com/job_detail/f060a033e64ca6e31nV_2tS7GFpQ.html?lid=89AapUgEF39.search.86&securityId=Rn3yxL5dtH_wo-a1M7p3yCGJhpq7uIr_IyBHP1vebANmd33T2w23R1L9O-DZgTBi5NXEK6a5sZORsSLvDMKsFgE7heaqjXIgsHmuRnExMDKE3lQ~
鑫川丰越,5-10K,数据分析专员,1-3年,本科,成都·武侯区·环球中心,100-499人,数据分析,数据挖掘,数据仓库,https://www.zhipin.com/job_detail/fee36237e41654340HB409u5GVQ~.html?lid=89AapUgEF39.search.87&securityId=iIloznucVa6L6-F1e2f4ohWfe4W1-Qzicsut8ESpun84TzODSHUkIy1RuLOpCAz9xcFPlvTJ0DEHMWSA2G4CJ0QAY0cHTNf71w_vxw0NP55xMSZo
映潮科技,8-13K·13薪,数据分析建模,1-3年,本科,成都·武侯区·新会展中心,100-499人,数据分析,商业分析,,https://www.zhipin.com/job_detail/dd8ecbb38508a0e20HBz2t-0FVU~.html?lid=89AapUgEF39.search.88&securityId=UBjccXkA-GKH_-Z1WMuUoe3Goj_xlVNaHRatT4FiNGCW9UBnR9meg-iAfpuapR-PKVbK8GJst0jM7n0rL0-iiN26t1uGP6oK9eav9YTV6uv-4YrSIA~~
极客数学帮,100-150元/天,数据分析实习生(J11472),4天/周,3个月,成都·锦江区·万达广场,100-499人,office,教育培训,数据分析,https://www.zhipin.com/job_detail/bfab791d8b4bc6371nZ8296_F1FT.html?lid=89AapUgEF39.search.89&securityId=n4DYTgc7SbPFz-9194Q-0AYQ_Ne0QPUzF6IPB9Plpmsp7SbYS8m5iqCS8D1sRFrFfaWqTbYnVVD1Te8p9yKP7_YZpmBOVitUKqrJBb0ahYdRvaBX
北京字节跳动,15-30K,数据分析师,3-5年,本科,成都·武侯区·新会展中心,100-499人,Python,SQL,数据分析,https://www.zhipin.com/job_detail/393ec86d890af63d0XNz2dm7EVA~.html?lid=89AapUgEF39.search.90&securityId=E8CQGIoCpYdZH-f1HJjsWocN2LAbC8W6LqVMneXn2ClQ3yPIxcqJrWb97i3Fw3yoR8bon58s9tdEyVytr4kRkzUQz8D-PnielInz0oaVGl4i86M~
斑马网络,15-30K·15薪,数据分析师,3-5年,硕士,成都·武侯区·大源,1000-9999人,Python,SQL,回归分析,https://www.zhipin.com/job_detail/176a24e64b969bb61XZ_2NS9EFJT.html?lid=89AapUgEF39.search.91&securityId=oljdAxwQqh7oL-w1Bl-TWsqbYQZf46o7TwaM-v7jED0x6MmE8YhtHD66oSeF6CfcDQCO1LPr33iG3z3l33YRJE4FJlsUEn0M_qYG5pd5c_MhyH8zPw~~
云鉴未来,10-15K,数据分析师,1-3年,本科,成都·武侯区·金融城,1000-9999人,SQL,Python,SPSS,https://www.zhipin.com/job_detail/7ea2cadb3c15a4471XZ62966GFpY.html?lid=89AapUgEF39.search.92&securityId=8PZQzFLwuOuTI-o1blKkWzuz8FDt0RsbUNQ_hMSM-6pv7hR6vTgLVk14vvW4A5TPDaLOh6RmSqDaO5RlXWf9zCZpEIf3X-O-KEF5ggP_eWdbBNPRiEE~
星合互娱,14-18K,数据分析师,1-3年,本科,成都·武侯区·新会展中心,1000-9999人,Python,SQL,,https://www.zhipin.com/job_detail/698737de136c33cf1XVz39i5GVVQ.html?lid=89AapUgEF39.search.93&securityId=oEpe5gQU8EaYU--1Sfg5PMFET7c2qKegPmq12hIYwYhOISNijwlNIl8D7i2-28nGN1QfXNwNAxcnTB3YC_9H-XV0jro9N_RO3rtbPbCXaoN3q4i1Rg~~
望瑞柳,8-13K,数据分析师,在校/应届,硕士,成都·双流区·文星,1000-9999人,Stata,eviews,经管类,https://www.zhipin.com/job_detail/96950f304493a5b11nJ82tq_GFtW.html?lid=89AapUgEF39.search.94&securityId=JiSDBMF36BYzZ-V1nMu0a9NorxJSW7ToWb2vzlcd_c8X7zTihIpXjGEDMqIHDuEy54aRgAKLU-3GU8jXBeOzBW2TSloGloS3uyo2-qLERxxMRsCLV6mV
浩瀚深度,12-18K,数据分析师,1-3年,本科,成都·武侯区·高升桥,1000-9999人,Hadoop,Spark,HDFS,https://www.zhipin.com/job_detail/f6a5de98837de8471n190t-_E1tV.html?lid=89AapUgEF39.search.95&securityId=5HOIYHga1bLk1-R1RA3gPKtA8PO6fX5QzerrSqePkz04ZJqWiefhwY3qHBMFCIV2onFUwsU6EzIbEsdfAPwCenTAQpxb8yWGYdy5-_BlhCwFhIVMEQ~~
达实旗云,10-15K·14薪,数据分析师,3-5年,本科,成都·双流区·华阳,1000-9999人,Python,SQL,Spark,https://www.zhipin.com/job_detail/25ba7bb5f80ee8ee1XRz3dy5E1ZS.html?lid=89AapUgEF39.search.96&securityId=2Bv0zvM9OzBIU-N1OsOZILrW-R5AOifvHYMCvx_ZZsT5-KjweXI4wKzV-y9_Kyr027_nccIWVPMo5ENhLdyckCxtvrafVFsgmTS3rWOIzH4TBhhnH6E~
麦可思数据科技,6-10K·13薪,数据分析师（成都）,在校/应届,本科,成都·双流区·华阳,1000-9999人,SPSS,SAS,Excel,https://www.zhipin.com/job_detail/1897035d2cc0334b1XR43tS0ElpX.html?lid=89AapUgEF39.search.97&securityId=Ifgsu2ynZPFPC-y1_-Pt53Trnu84bmSOu86V3nJFHoFki-X-7WX2eZmw3gLkDScijnW9HGTMEP17hjpJ0JsXsnHpG2FUbCjv1F5Z_qY1sW5XM9sszaM~
不问科技,4-8K,数据分析师-达州,1-3年,本科,成都·武侯区·火车南站,1000-9999人,Python,SQL,Spark,https://www.zhipin.com/job_detail/f8090e7f9395d3be1XV-39m9FlpW.html?lid=89AapUgEF39.search.98&securityId=yBcadjcPmuw29-I1LQNZMAhNtTE7OBa1HADqm2x_S2h814VWTcpWgPw-pv8YF_SVjIc3YKlc_DGrr0ipuYOJO4OvCEQ9Ahz_yMbfVODnQLgKtZBd9HI~
融晟科技公司,15-25K,高级数据分析师,5-10年,本科,成都·武侯区·新会展中心,1000-9999人,SQL,Spark,Hive,https://www.zhipin.com/job_detail/94cb9a3cd02b9d841XRz2dy_GFBV.html?lid=89AapUgEF39.search.99&securityId=emFS01yq2NaL8-41SWZWIkwExg5QH9gyhDcau3GRtP130HmYS1moeX8wnPajMP0IExZz3OWw44dErD0NFJxTXrIO3RSr7hXZRfACt2iEhDBdrQoipw~~
绎达股份,11-20K,高级数据分析师,5-10年,本科,成都,1000-9999人,SQL,Python,Excel,https://www.zhipin.com/job_detail/813cdba3f97fe7b91nZ-0ti-EVZR.html?lid=89AapUgEF39.search.100&securityId=6HbvPK-A8QiLM-i1_T5czyFj4WCLBvRpOvIcsrjRuHnnjddbdjrLETZ0apExlyCZIuxKzjntNDm7lvGKC6zXLK4y0m02583CmCAO4Q4iq4B5wssfIg~~
书声科技,12-24K·13薪,高级数据分析师,3-5年,本科,成都·武侯区·新会展中心,1000-9999人,数据挖掘,商业数据分析,SQL,https://www.zhipin.com/job_detail/7a891cdde13863520XV93tS9GVc~.html?lid=89AapUgEF39.search.101&securityId=2HHpyg5UIfheA-s1hDO-_xuqzZ8U7Isn-BASHsJLCVfdFcIeM66ibnR9UIafPqVMQHpm19scSNQhnFc_1QwBJa3lmWlZ0eSoTHzsYg8rlALRhKk~
乐狗科技,20-40K·13薪,数据分析师（分析向）,经验不限,本科,成都·武侯区·新会展中心,1000-9999人,数据建模,手机游戏,,https://www.zhipin.com/job_detail/8ddaad0a2d5065411XV-2926GFFR.html?lid=89AapUgEF39.search.102&securityId=UwprMOjDUAJIT-V1u4yxWVFV0DdIyuJbfWOFQ7240cXrAiB-y7-szcSJj829MeyVSkys63JVr41H2U_TNEaHeW8JxpMYdpfYrjbbPQEj-24Wvhvdyg~~
西瓜创客,15-20K·14薪,数据分析师(J10029),1-3年,本科,成都·双流区·华阳,1000-9999人,SQL,Excel,,https://www.zhipin.com/job_detail/8add20aaede066a01XZ83t-8E1ZV.html?lid=89AapUgEF39.search.103&securityId=jmsxmkSKpQ_L5-61d7ZtzvmyssmPSvIzaRiVK4ZFe-JEigOQum0tLGVpmfw4Rbi-xoNIgtBexBm5l5wMTJjt1Zrj0Q-P79gLqGDZ8Oj3vU31pfkxgA~~
捷普,8-12K,数据分析师,1-3年,本科,成都·崇州市·大划,1000-9999人,Power BI,Excel,,https://www.zhipin.com/job_detail/31b604915851f0c61nx-29q1FFJZ.html?lid=89AapUgEF39.search.104&securityId=QynixnajQiScL-_1TTmVo9MTh2VZrva0RSfTG6VW8pCubMd0Ir38ctH21QEmEusUKywJdYgJGMR-HW9BCHGxrlskOGtNQct0_sUsSWwKUK-i3Drq
易控智联,5-10K,数据分析师,1-3年,大专,成都·龙泉驿区·大面,1000-9999人,Python,SQL,云计算,https://www.zhipin.com/job_detail/a674931d64f804771nd43t-0EFRR.html?lid=89AapUgEF39.search.105&securityId=wg0eIVUlJaoJr-n1d5L1SeMOaMbVQDZQfRNgNTc5k-Hi3BDO1mgxoWCr4aU3n0oncJqX2un1QzEP5eMUEvnkunf4rqCav1xSOb9IC2OKVqtaVTL_x6QP
卡普,15-25K,数据分析师,5-10年,本科,成都·武侯区·玉林,1000-9999人,Python,深度学习算法,机器学习算法,https://www.zhipin.com/job_detail/2614513289d47eb81XV73ty_FlJS.html?lid=89AapUgEF39.search.106&securityId=gnhvZDUF5cPdO-W195qR0VlDQ3tzJa-VtVWeC2n_Y7v4pYEzugye7VpaKPfq98rETIfc3DkNqyruJze8HSZ9Qy_g-mbliejRvIswkpXdlC8RA6HYtg~~
遇秋,6-7K,数据分析师,1年以内,本科,成都·武侯区·桂溪,1000-9999人,Excel,Power BI,,https://www.zhipin.com/job_detail/b738bd26690b9f201nJz3Nm_EVJX.html?lid=89AapUgEF39.search.107&securityId=MsG5i0L7GePTc-91KSLmC4JELQwIhnSDJ932OjpKVUYpo44hiDUYp4siZr74XnH-6dfbcpLjtevNLLcZ3F6SE5E7uH_KM2_K63BpuWGB4M2SLUPNMQ~~
重庆广睿达,5-8K,环境数据分析师,1-3年,本科,成都·双流区·华阳,1000-9999人,环境监测,生态治理/规划,废气处理,https://www.zhipin.com/job_detail/e3c388d51a2323431nx_09m6GFNW.html?lid=89AapUgEF39.search.108&securityId=Gtj4JTs7iuKrF-B1rj6SsoYodtMSyHt531NhGwrK26M6th2rGJ8oB67uM0OYtR_GK-ofztnQU0385drPkC0wuI_ZEH9-CeE_mkx0Ij93xp9zoM4~
明略科技,4-6K·15薪,数据分析师（成都）,在校/应届,本科,成都·青羊区·天府广场,1000-9999人,Excel,PPT,,https://www.zhipin.com/job_detail/97132856d33fcdbc1nJy39m7GVtY.html?lid=89AapUgEF39.search.109&securityId=5WJb2rCjanvwr-E1mvgiyN_FQC6t5IX9nbCtRWeQYhF7JoJrMGtsExyjHWYLMB4xZLV0fl2Ft7Lgv8LDF4k3_8YVIUueTDn-93IFcpWDQt0eC8U~
承铭,12-17K,Python数据分析师,1-3年,本科,成都,1000-9999人,Python,Python工程师,爬虫工程师,https://www.zhipin.com/job_detail/ced8f449afec0ff31nR629u_ElZW.html?lid=89AapUgEF39.search.110&securityId=G3JCtcLWg4kfG-x1RA-ndDcdAnOFHPrnGfHp16CWddgKzY7sGWl5JHnfDIx0oTFp7PZiFS4UkYm4DDAgxsVh9Pi3g10a_UAET8p_TcXMABThJG7pKw~~
快手,150-200元/天,数据分析,5天/周,3个月,成都·双流区·华阳,1000-9999人,数据分析,数据仓库,SQL,https://www.zhipin.com/job_detail/166e81c777c22d901nR82Nu4GVVV.html?lid=89AapUgEF39.search.111&securityId=OkViJrXN3bsC_-41K2a28alLTDbp9P5oTdgBvdMwKv9pfpmXsk023ql8K6BpLYB0Jptnb5mx3oewOr8icnVVfjcFwRs5ku5kKY_K6RdP4Ik1
中粮可口可乐(四川),5-10K·13薪,数据分析,1-3年,本科,成都·金牛区·沙湾,1000-9999人,数据分析,,,https://www.zhipin.com/job_detail/dcbeb45d8123ef821nJ-0tu7GVNZ.html?lid=89AapUgEF39.search.112&securityId=CdjYyfgp5ERqi-z1U05IM1qYK7zmrKr4n7QWPXLY2NXS2SPhMN2K3A-Da1fALYhJFEZFuohOv1TJn-V_DJUO_ISo_CdukdTyZJIO4y65M-TH20-587k~
汤沐科技,9-14K·13薪,数据分析,3-5年,本科,成都·武侯区·新会展中心,1000-9999人,Python,SQL,SPSS,https://www.zhipin.com/job_detail/4ba8f4c72d0648a21XR-09S6ElRT.html?lid=89AapUgEF39.search.113&securityId=3aGz9bKgFK7iD-b1n1A8ILNJ2G2b-iBvTy-dDwBVHP_rI_d7JeZn6Hi2_cs8isJoGyCyvNhJg4X35e_aahyDeOyDbEqA4PtfkMd3_HtGXCq1JPPr6g~~
MAKE1,5-8K,数据分析,1-3年,本科,成都·青羊区·黄田坝,1000-9999人,Python,,,https://www.zhipin.com/job_detail/5e41f12a084c9df91XZ63dq4F1FS.html?lid=89AapUgEF39.search.114&securityId=JoSFgqfXste4j-U1HDtDNixUd4GB6e3QCs2OY13_4TpifJ2fvnPlfbD5PaslczDkGbMWeaF9ybH6zAYuT6-QdpVBZte3z-J1G8_G6ttHd3uWNioGEA~~
全友家私,4-5K,数据分析专员,1-3年,大专,成都·崇州市·崇阳,1000-9999人,数据分析,数据统计,成本预估,https://www.zhipin.com/job_detail/a9667b537f639c241XZ43N-6GFZV.html?lid=89AapUgEF39.search.115&securityId=d1I3LtehElriz-o1Y6czdyUykiJeR00fVaV5mLjDR53RBN7l2xkGO0ytuQE4rMW8MvNZouI2s0yUFAxHT_4WPf1yN8pjlXd9Kk6jPZa5arkF03Yf
金山西山居,5-10K,数据分析,1-3年,本科,成都,1000-9999人,Python,R,Matlab,https://www.zhipin.com/job_detail/6c1357279b985be41nx53t2_EVFW.html?lid=89AapUgEF39.search.116&securityId=3O9oFDkWjLfSw-11ho0sTKL4rBQb9I8P6amgTILDbRe3NeDthP2Oht9XrLV6TrwrVgLMIP5jm0RjRygq-QczHmvcoFIh-xVdOx3LvFv-drn_BvIF
四川民声,5-8K·13薪,数据分析,1-3年,本科,成都·武侯区·孵化园,1000-9999人,Excel,SPSS,相关分析,https://www.zhipin.com/job_detail/5213d51ce72c89e31n1_09-7FldQ.html?lid=89AapUgEF39.search.117&securityId=0tb8YzyYzCGVn-w1kDThIYoXLMtoD2WBeF31Ut86kdEfUdM0-v4C9RogV8sjs-j3KwGxMMBAj3GzIxN6jaWz1ui6zKnnrlkFqMSAvrM4K7rMayGVAQ~~
百世威体育用品,4-6K,数据分析（商品）,1-3年,大专,成都·青羊区·太升路,1000-9999人,Excel,数据采集,商业数据分析,https://www.zhipin.com/job_detail/6e781f8d76b29e1003F_39-8E1A~.html?lid=89AapUgEF39.search.118&securityId=BSSgMleB_cpTo-81HxpY9nXT1S3-VYhnKPp9vJGzhCqPmDPj51QugAh1ziM-2dtHP2HZoQgY2R3Nx-gpRwRg2Z2FvXguTusJPgxs0st6iQxLVI1f
集思鸣智,6-10K,数据分析专员,1-3年,本科,成都·双流区·华阳,1000-9999人,SQL,Python,Excel,https://www.zhipin.com/job_detail/79b3639c51ea0e191nB-2tu9ElpV.html?lid=89AapUgEF39.search.119&securityId=uZNMME2rd0_ie-S1giOI6IP8fyx7wg8mOJ3Aum80umiBEp9CKqMvziPNwOF4mOLfARoPJ6CqVP9PHxcvCpswwpptrvnWXaec3NjdiY4uA3IZaDL-CNqlnwlxE1Zeb5f862-PCAif_oYA81DppoJNqQ~~
新希望金科,15-25K·14薪,数据分析（贷前）,1-3年,本科,成都·武侯区·石羊场,1000-9999人,Python,SQL,Excel,https://www.zhipin.com/job_detail/884c590515833a7c1XVz09q_GVRV.html?lid=89AapUgEF39.search.120&securityId=1ON9iNPwdAVHI-n1ubA6_im2nAz8teldW0J0prA3x3CbHtaWQVfObUxmWDrlPO89hr77JyeWogHvHyXElZTil5A-aAX4GEU39Ptdu4jhfnW0vfL0lp4~
蚂蚁搬家,4-6K,数据分析专员,经验不限,本科,成都,1000-9999人,市场数据分析,市场信息收集,,https://www.zhipin.com/job_detail/de05896d8de8a5e21nZ-2du6E1JR.html?lid=89AapUgEF39.search.121&securityId=BRIhsyu32U0pM-21XUi0HCvYdKnpzoftk0qfbjPlslCd8iTwkXZCT0cn7spim1QDVFWI_I9EMDbz_DwjXxhirxsQO4ibZYU7XVe_gkIeyMlrSj9Q
建国汽车,5-6K,数据分析专员,经验不限,大专,成都·双流区·华阳,1000-9999人,Excel,,,https://www.zhipin.com/job_detail/99634061e81039751XV93dW0EFdR.html?lid=89AapUgEF39.search.122&securityId=Y2rjjgeFVi4E--E1IbE7-4YYwymYZD4drwR5X5joKFMTwm8QTX6q2cy_SkXNfuzPg4mSn0N8u56T_D23ct6PH1HvtNOJjgOWMlZSeD6J8de_H0ur
阿布空间,15-30K,Python数据分析讲师、机器学习应用讲师,经验不限,本科,成都·双流区·华阳,1000-9999人,深度学习算法,Python,SQL,https://www.zhipin.com/job_detail/6266ba059bb9b2ba1nN-0tS_GVJR.html?lid=89AapUgEF39.search.123&securityId=at47FZ_GchyyD-G1w4kyVS3hGYEdUYlk6wS-uveCKXQEcnuIrg2Ta8aAOjdYtY-pwe-EqIJVzxpIjeaQFQIgyhH0bX0EVLcXxAyJ7gMXk0mkxspQOA~~
四川蓁知科技有限公司,10-15K,数据分析助理,在校/应届,大专,成都·锦江区·合江亭,1000-9999人,胆大心细,,,https://www.zhipin.com/job_detail/8c89e0ae490a7e361XZ-3dm5FFRR.html?lid=89AapUgEF39.search.124&securityId=72tSpan2C6cHK-01DfuEAn_Gz66jioEYjPhppZDgVA0FCIbYyq1gYbBx5eKGYBjC4rMXIE2J0r3wJplAO-e4h-HkkgzzwnU32SNcl8GbTMR-JJNXhQ~~
天灵高科,5-10K,数据分析工程师,3-5年,本科,成都·武侯区·复城国际广场,1000-9999人,数据分析大数据,LUA,电网,https://www.zhipin.com/job_detail/b16d83aaa3ee42a31nx-29y6EFVQ.html?lid=89AapUgEF39.search.125&securityId=_QbdXshMrgzK7-I1qwrwl4gXQmeiOrBTNgfNCqdoBjqSmqdnfm_Q2evrdwC42JwKRs4KNKc-J51ISkX9Bh-cqyVmFuZk6uL6QY3UCEEEXTeBO5JByw~~
百茶百道,15-20K,数据分析工程师,3-5年,本科,成都·武侯区·孵化园,1000-9999人,Python,决策树,Hadoop,https://www.zhipin.com/job_detail/53558207f5c404241XV43tS-GFdY.html?lid=89AapUgEF39.search.126&securityId=Yy5T3eS1lsINl-r1D5bEWvktVL803RqpdnkHPBGZiA1M8ZV2HCesKsdn2vWdm50bokoudFygY9W0FtmexThKd-0Xa7uuKacpziPEanjZaowcbLFYWeeLjzvtABUZwFCIAzuU6ftQ5-4YX1M4aA9fxo4~
成都链安科技,9-14K,数据分析工程师,1-3年,本科,成都·武侯区·中和,1000-9999人,Python,SQL,,https://www.zhipin.com/job_detail/287d2a85e5efb34e1nx539y9F1JU.html?lid=89AapUgEF39.search.127&securityId=7agBgPZ0S5E4--G1vWLVbxJhODD1HS3QTZbNtRJ4K6O7QF2XhE8WhatBb-RGva5I1Zh5kRJV7iLEDEP36T6-UQ5RplfeI005bo1YlGkYscUrNU7mHw~~
美团,200-250元/天,数据分析实习生,5天/周,3个月,成都·武侯区·磨子桥,1000-9999人,SQL,Excel,,https://www.zhipin.com/job_detail/33017ab2f2e5ae2e1XZ42du0EVBR.html?lid=89AapUgEF39.search.128&securityId=7RQvyLePdfKAE-81zGYbYk2CBi58Rrxd9PenSjFGLhHBcT4o5Ry2antsT8twPXD1dzsPH_LUVnfdTJfUbJP-9rIjNcVyCd6ac9N-us3UudJTDvlLa-eA
腾讯,8-13K·14薪,数据分析（腾讯医疗全资子公司成都分公司,3-5年,本科,成都·武侯区·新会展中心,1000-9999人,Python,Java,数据分析,https://www.zhipin.com/job_detail/ae4f5da4fd23358d1nZ73tS7EVdY.html?lid=89AapUgEF39.search.129&securityId=HoqSWuMeAmnVx-g1pux9V1tUUyth8LfRrE0fNEMQMlEwHoRaZINWHdD3wBIyK0zkqnbOgHvAPULT1jL5f7u75nT2PV7wJ5ZrLmhVbR_5Wazr2q3Mllg0
千小豹,4-6K,管培生（数据分析方向）,在校/应届,本科,成都·双流区·华阳,1000-9999人,Excel,SQL,Python,https://www.zhipin.com/job_detail/a239ad022e47c2821n1y3NW7GFdV.html?lid=89AapUgEF39.search.130&securityId=qchXJXpUonhar-41TVu_CxkV-F51OaBLERQNuL8aeceb2IjJb4gZkQVqV_C_juyp9kotNl90kcgL4yidFyKl4UoemrvBa6GK80Jk4Und0miEV2ysv-Q~
腾讯,8-12K·14薪,数据分析-人效管理,3-5年,本科,成都·武侯区·新会展中心,1000-9999人,Python,SQL,,https://www.zhipin.com/job_detail/68ca062bbbcf6e4f1n1z2d66FVJX.html?lid=89AapUgEF39.search.131&securityId=75s3nH99XB08Z-M1nh0FE1Mz6kwxF4tdLfJpA3Hjj2L5JaPbokiVNSisA26pSG9Z8qzvqqm6QWMHS8gg8uZdJu_TPbXoRxGuoK21sDKEFQQpV7ojKkU~
麦迪威尔,3-4K,医药学数据分析专员,经验不限,大专,成都·武侯区·玉林,1000-9999人,需求分析,数据建模,,https://www.zhipin.com/job_detail/6645d06ffd672a5a03xy3Ny1FlQ~.html?lid=89AapUgEF39.search.132&securityId=cnlcPUeX2foTw-e117Dk9BW7G4xfa9OVmh1OGnczcWR4MVJXNwGc4U865OmUXSgG5T4Zodz1dRTFZdzHzwUh3hQEB5aypIhaWdRgHvWVaS9R1rr1
腾讯科技(北京)公司,10-12K,数据分析专员（腾讯全资子公司成都分公司）,3-5年,本科,成都·武侯区·新会展中心,1000-9999人,Python,Java,爬虫,https://www.zhipin.com/job_detail/55e4a392e1fbcf5c1nZ-3ti9FlpW.html?lid=89AapUgEF39.search.133&securityId=xZwiWZx4op5Sc-Q1Ls1VXmk8DREV-SkKJIlVQGFL4gGfR8Cr1Ni-u2ekVq6wI9poxQNhd70C7c2p7tfsqeiDm7ViMLvTOSRgZHsOXV6-Q24ShZRn5Q~~
北京字节跳动,15-30K·15薪,数据分析师,1-3年,本科,成都·成华区·万象城,1000-9999人,Python,SPSS,SQL,https://www.zhipin.com/job_detail/266ba2189768d6211XV_0ty1EVZY.html?lid=89AapUgEF39.search.134&securityId=Plyvq2vjf4k5a-D1b8HXLt8LosOyQWf58TPdC7syNMRkIFMI3PAHT963dsnpSW5E1mDPuQr1dpP91PI_DGM9K9G9zziOr7DC5peXD5N6oh7rR4uqvQ~~
麦可思数据科技,6-10K,数据分析师-成都,经验不限,本科,成都·双流区·华阳,1000-9999人,SPSS,SAS,Excel,https://www.zhipin.com/job_detail/082e016d65b0063c1XV_0tW1EVBR.html?lid=89AapUgEF39.search.135&securityId=h1vPVRJYEeP29-D1yZSnP2SrBfY41vHxmwQiCKuczvnbq-TZ33lA0tUXZq1rEczl6o9QBbGxh0NuFx19bscPRdblLl2g5exzYgVFxE_CpbqLGl13hM3g
达实旗云,10-15K,数据分析师-医疗行业,3-5年,本科,成都·武侯区·新会展中心,1000-9999人,方差分析,多元统计分析,相关分析,https://www.zhipin.com/job_detail/e9cdde0820a478501XZ529q6GFZQ.html?lid=89AapUgEF39.search.136&securityId=S9YeQxG7Ct436-b1nZ9UMGgrDNaa-cSl5ogx_plzy3LHHaEJWKweqWQx4rZieDw9WyugtzvGffPxsQBBR5cEfwPtZkgOoM1-QJwgo6IMvPrOv-U~
上海冰鉴,20-30K,数据分析师,经验不限,本科,成都·武侯区·新会展中心,1000-9999人,Python,SQL,Spark,https://www.zhipin.com/job_detail/f93f961c4a063b511XV72du7EVBS.html?lid=89AapUgEF39.search.137&securityId=kMhgkvxQRhmNT-L1RD9Wjk9nYZ6IwQSv_urNnWMFHCcU-D1QKzWh2L3yqXara0w90f9bew0OuCucBT9ZYVzkvoYMYmcffP9Y-r0pmyoAfNHJyatZ5g~~
大道同行机器人,10-11K,数据分析师,经验不限,本科,成都·武侯区·石羊场,1000-9999人,需求分析,商业分析,数据建模,https://www.zhipin.com/job_detail/b316d9f207377f2b03N429m7EFE~.html?lid=89AapUgEF39.search.138&securityId=triAX3dqEahgy-W1i7ZnyCREfKjPG_szcRriC8sGkXR3ZSCcnAYXFqQs1aSu_fvkEkcZKxGLdcvf73VAEcWDjBlYnyE5nBhLEnAkRwwKavemhhUb
清环智源,5-10K,VOCs数据分析师（成都）,经验不限,本科,成都·金牛区·营门口,1000-9999人,环境监测,VOCs治理,环境影响评估,https://www.zhipin.com/job_detail/19a0861260d9db471nB83t26E1FX.html?lid=89AapUgEF39.search.139&securityId=wXXysFqAIkwol-R175hdbICxSQKcDZ6QC2jw9KCvS8uliFc8F7tePwdfKpj88WKFaJBlPgSXQekz71wJNYdgnAPy3pxa3cQAe4G5vWVZvcrgDmAiuSc~
我行我数,10-15K,数据分析师（行业分析）,3-5年,本科,成都·武侯区·桂溪,1000-9999人,线下零售,电商,生活服务/O2O,https://www.zhipin.com/job_detail/0ef5c18534fac3501XVy2dS-EVVW.html?lid=89AapUgEF39.search.140&securityId=hP6Ryo_hf7nuk-R1Qf8FtYzaj9ntiTKyLD6xoPrHkiUK6gVHq_xMqvlnUtSe9nB7hCiBcYB2luKBFZo7kjafZ572ZfHOXrtuGMwC-kD49hF1Fc9JXeg~
BBD,9-14K,资本市场数据分析师,1-3年,本科,成都·武侯区·桂溪,1000-9999人,Python,SQL,算法设计,https://www.zhipin.com/job_detail/5b581dbf4d170ca91nZ72ti1FlFW.html?lid=89AapUgEF39.search.141&securityId=XPb8srdq5jktM-V19J2z3Ymzi6JFBg3uRca7Qy48Pf0BcDSqXzDM8EQif7hW3AFGTwmdV_TLxuqH2B0BEvVJM2KEtomNJjmjfbEUDb73fQNJvkQ~
药融云数字科技(...,5-10K,医药学数据分析师/医药学数据编辑,1-3年,本科,成都·武侯区·孵化园,1000-9999人,产品内容建设,医药学数据分析,医学文献编辑,https://www.zhipin.com/job_detail/24ad1d2cad5856661XV429-5GFJW.html?lid=89AapUgEF39.search.142&securityId=xE2w9ner3kSA2-R1IzNnOvJMRZWHFCqQuL3U_1fgKUrBzBIF-JznJnCOlJyldKQapaWa5egMSwttKkdK8xHg3Na1xLv6DWE4TUUteegwVvmiOL4XMK0~
乐狗科技,20-40K·13薪,数据分析,3-5年,本科,成都·武侯区·新会展中心,1000-9999人,SQL,数据分析,游戏数据分析,https://www.zhipin.com/job_detail/719b2bb79e523d491n1609m0EFVX.html?lid=89AapUgEF39.search.143&securityId=ty8bLczOlEgTi-j1emiiRmtRfmaskOzaW77Rw9_oRgzmTw7ASvnQyWV8J9ueH95gJqmDt2bJjvdUG3taJfpJF4rDHuejkiNwAubCWwyO5LgWjZMeTQ~~
MAKE1,6-10K,数据分析专员,经验不限,本科,成都·青羊区·黄田坝,1000-9999人,Python,SQL,Pandas,https://www.zhipin.com/job_detail/409b80bae0b8e41a1XV83d24FVJR.html?lid=89AapUgEF39.search.144&securityId=4EU8lp-AkeQTA--1Fx2qMeTyYtnc1vogdB9YDl93poZxhJUF7uNt_ZUMfU3ZQbPAocE1u9ePEAgvMuec1EWI3eoKlcyDSxRPBZbF0bxrXwLVuC4_
映潮科技,8-13K·13薪,中级数据分析,1-3年,本科,成都·武侯区·新会展中心,1000-9999人,Excel,SQL,综合评价方法,https://www.zhipin.com/job_detail/cc0716692c48d4e21XV70t-6EFZR.html?lid=89AapUgEF39.search.145&securityId=LkIAcWUvotqff-Y1Hnav9chAFRQ8WOb74UvC33WBNQdxiznTB0uk1C9PIj2ByJVG5sGMCxcxFYPli7d07DpU3KpO9foCcG0hNrfEND6DeFUeh2Hygho~
声呐,4-9K,数据分析专家/数据分析助理,经验不限,本科,成都·武侯区·新会展中心,1000-9999人,Python,Excel,,https://www.zhipin.com/job_detail/37c749ec4105187b1nN_2N6_GFdR.html?lid=89AapUgEF39.search.146&securityId=AtePjjdfoOep6-_1dhuTJOv7uUDLjX1MtDTeMoRqudCid7yHp7PSwsGqsni9BX0JaPJOEri3uQU-3e8s-MIoIqdMEMWah0zRSnECYy1lIQz_4tjJ9uM~
饿了么,15-30K·16薪,用户数据分析,5-10年,本科,成都·锦江区·东大街,1000-9999人,SQL,Excel,Python,https://www.zhipin.com/job_detail/ba0ef093517e848e1nJ52Ni_FVJY.html?lid=89AapUgEF39.search.147&securityId=F5cu7u80C4fOo-v1suxvflx64dBBn6uaThe7Wbg0uu3RgvK8ZvhSsW_jhwKkCgYnGOK_KseiYCHdh3-lI_X6iZC7YO6AlIivpfPG7agwJTcicw~~
腾讯,8-12K·14薪,数据分析--业务流程&审计,3-5年,本科,成都·武侯区·新会展中心,1000-9999人,流程管理,,,https://www.zhipin.com/job_detail/6964b9d0ce9cba2b1n1z2tS7FFJZ.html?lid=89AapUgEF39.search.148&securityId=WtDoYWq7onCFY-O1hO3NLz6jFh3jcdu-PRk6W4YLIxMuoKfDj9QVl-VAke1Kbl1hREeg_79gVS5rt7isZRVFqqp5XTY6OtA7gHkfQdpjkoZ4H6JKCEw~
千小豹,4-6K,管培生JD（数据分析方向）,经验不限,本科,成都·双流区·华阳,1000-9999人,Excel,SQL,Python,https://www.zhipin.com/job_detail/3b780973a562fced1n1z3dW0FFpW.html?lid=89AapUgEF39.search.149&securityId=MWncmv7hhvzPi-W1oHsU7_nYLVBxJSesHXitFCwnKzuSdsVKxK5WMuulmCmtL8g1BdUrPs61DbisOtxpcMBkmZpbaRgqethzwvInT4D5MGZ05kBGEAY~
成都蚂蚁物流,4-6K,数据分析员,1-3年,大专,成都·武侯区·神仙树,1000-9999人,数据分析,数据采集,,https://www.zhipin.com/job_detail/2f3a5ee0b9459b30331y29i8E1I~.html?lid=89AapUgEF39.search.150&securityId=2G88qL_91en2k-u1Qh2T-J0Ly3tHrxOSy3WcADLXiOFFMOJ3jSl1iudEvtCQuoo5irDY9VuHneIDi-MHpO3mClKe2IWs5TbRyUtcnER8ZAChnLo~
美其格,4-6K,商品数据分析专员,1-3年,中专/中技,成都·金牛区·荷花池,500-999人,数据分析,商业分析,数据挖掘,https://www.zhipin.com/job_detail/455c1c9d449532310HV43NW0Elc~.html?lid=89AapUgEF39.search.151&securityId=yFMcaAlutnDtQ-a1YOZBYS9Kf-LosNERmOl9u-QKPZcfIHv3z73955nIuZR6hr1nuz3opz0lqd4u52E0jhfcJBjZSJbqQip9zrFUB5sUIBLXtk3-
英宝科技,100-200元/天,运营数据分析师,5天/周,3个月,成都,500-999人,数据分析,Python,数据仓库,https://www.zhipin.com/job_detail/3a3cba24642cceee1nV42N-1GVNY.html?lid=89AapUgEF39.search.152&securityId=XNpJFCOyRzWY7-G1Oe5XFLxSLReZPhVHmuatm6gPpTO7NkGIbtlzbA0kfwuJ-yENJ-LONy0bZH0czRuYH-sxBKar0yrGZISuxNdlGu_bYhqAZOUFfg~~
科睿埃迪,8-13K·13薪,大数据分析师,3-5年,本科,成都·武侯区·环球中心,500-999人,数据分析,数据开发,,https://www.zhipin.com/job_detail/12963b1ab5f711323nZ-0967GVU~.html?lid=89AapUgEF39.search.153&securityId=hwq0e6IVKbIyL-F1TcmcqxQSjC46iTOyU5ya2SR2bJb9u2dqWI2kXCASKhB-KcyXup8trgcKI0791rfUOKbk49nP4DDrprMcQaSiPDXZfG1kf4J-IQ~~
CBC北京分公司,8-13K·14薪,数据分析主管,3-5年,本科,成都·金牛区·火车北站,500-999人,Excel,相关分析,参数检验,https://www.zhipin.com/job_detail/ae74ada03fda507d1XZ-3du8F1BS.html?lid=89AapUgEF39.search.154&securityId=cfDgiyZ3q4AVw-S1-aQYQ5eue6RjkAiVUI9uRK85YPohf0GVQ5YLVxTCyyqSkyhDUtROyCNt-9Gg3vh0fUxEidhFfAYuK54fz7AgBQwKlby5pu3qwpE~
正态铠甲,5-10K,风险数据分析岗,1-3年,本科,成都·武侯区·石羊场,500-999人,SQL,Python,Excel,https://www.zhipin.com/job_detail/ea0a3edf5816eba31nBy2tW8GFdR.html?lid=89AapUgEF39.search.155&securityId=4c7e_M_Pfq2SM-c1XvI7VzU3sPrbVNuKE0iM5Kuk-aPxMvitHOUPBnc_ElemESj8t42kyYmM0NvRILEoiZq4tdhmevS4n3C9JVclpYIbEDY4cKWFPA~~
新源生物电子,12-20K·13薪,数据分析工程师,经验不限,本科,成都·武侯区·孵化园,500-999人,Java,Python,Shell,https://www.zhipin.com/job_detail/e28edca14b10d0731XV92Nq7EFVV.html?lid=89AapUgEF39.search.156&securityId=1cFLuqW8jmnLX-115XsnuCm4RDMQ4VbCCib7wBuAPYef-UPHm2PSKj_SiJS8hKrPITDhp1v3VqvaTS91oCCSlhsgiEZ9aD2MlnG4MVEIbkqH9x6pdL5U
超高清视频产业联盟,5-8K,超高清行业数据情报分析师,3-5年,本科,成都·武侯区·新会展中心,500-999人,数据分析,数据挖掘,商业分析,https://www.zhipin.com/job_detail/4b3c80a51f7b83631XR83d-9FFRW.html?lid=89AapUgEF39.search.157&securityId=AyfrYfWG2zx2X-71_KVC2VkTDBPjtBrIJEpsVc7s2AwSVaIZ7o5VKKjKe1f2umuKorPxR6B78cM2jyPNnQILvX4nmVNy3GRzyoGUA-hFbNj0tQj2s2w~
索贝数码,9-13K,Python开发工程师（数据分析）,1-3年,本科,成都,500-999人,SQL,,,https://www.zhipin.com/job_detail/0123ae7a3f304e2b1XV73Nu1EVJW.html?lid=89AapUgEF39.search.158&securityId=W79b32A3MD13E-714QblQR7-s7ro8C4vaFTYYzxJRyl4rOhWsdNFck8khCVPbIqKj24rMKXBQZiOrs1Jf-dEpqivteuqs_iFrsKxpNW7xibgNTEU
爱奇艺,100-150元/天,数据分析与标注实习生,5天/周,3个月,成都·双流区·华阳,500-999人,内容审核,,,https://www.zhipin.com/job_detail/275e208bed2821ac1nV90ti7EFBQ.html?lid=89AapUgEF39.search.159&securityId=gGi9AqWtr2nZA--1IN3HZAjBiJYdC0gBAOpavfHWhwWWNxivTMfxs6hW4hsshJvBQlVFl4yU7ncldzaEEQDRXK2FIogkeEvdzSFQRvGYVqPOLA~~
卫士通,15-30K·15薪,数据分析算法工程师(J10334),3-5年,本科,成都·武侯区·新会展中心,500-999人,Python,算法设计,自然语言处理,https://www.zhipin.com/job_detail/a1cee8ea384126791XVz3dS4FFBR.html?lid=89AapUgEF39.search.160&securityId=7YN6O57RR0i7e-v19axV8H-hhzKcMW5c-JyOr4Z9HQOgRM_5fNEFxwEcHkQka_2qJ2P3f7dtGUQF9tj1AJ17oie1Wz736pGxh6D08O4u1qRDG8y6p2nENec0ZwAvzDSWysBFA87RGLpOv_3dgwGp
百词斩,11-20K·15薪,内容教研(大学数学/成人英语/编程数据分析),3-5年,本科,成都,500-999人,内容教研,大学数学,办公技能,https://www.zhipin.com/job_detail/6d30e2664c5414251XZ82Ny1GVJQ.html?lid=89AapUgEF39.search.161&securityId=PPTUSVQYX2PrT--1Ulm9qg2YNTstJFkoZlW0PisXk4jR1g3y2HQNOdRtYPgF6MV-KR1BEclw6UtQPco7Vt8oNF55valJ8gO_BDMgCuMNFHjnAh6I
圭目,6-9K,探地雷达数据分析工程师,1-3年,本科,成都,500-999人,其他,,,https://www.zhipin.com/job_detail/3c65db295c60acb91nZ-3tu-ElJR.html?lid=89AapUgEF39.search.162&securityId=Hz1ZR6aMFHqOc-615IDXWgVBAHbB8PEfhupPxh10DQMnVenjMEJYVZOJC8JHJy4KsI5U1DffGmUQc0jBOgRQQijeXdrCo9LZxTyzid8JvTUvevCU2A~~
成都巴莫科技,5-6K,数据统计员,1-3年,本科,成都·金堂县·淮口,500-999人,数据统计,数学,数据,https://www.zhipin.com/job_detail/3b7c5a6e673f72951XZ439u-GVJW.html?lid=89AapUgEF39.search.163&securityId=9MssEHO32nOki-Z1iYyrnpwlKl1P-XaxEXUagVeBzIofRL8Nr3bRF8FM3WEK3TUtXST9EmmnS6cL-01uq6-0-D4yiFEoiDwaYB1VGajMIxjV8zSH5Blars6ASAN_4yE9zjneEO832Bi_C2ozjWkIEZzI
中电科航空电子有...,15-20K·15薪,机载航空业务大数据分析师,经验不限,本科,成都·郫都区·高新西,500-999人,飞机,客舱,数据,https://www.zhipin.com/job_detail/7d3da5e040a7dfd90HV70tS4EFI~.html?lid=89AapUgEF39.search.164&securityId=7V2Wti35CDRdx-L1vY5TqTHeEhxjtyIVhA7sJRIRCAxB4Rh7SI-rM2GaEKzk4M1RdJIos3gGnz7BOiCM3M3Ln19_rJ5l5dKf2WeTskUXMMXzpZlo
麦可思数据科技,6-10K,数据分析师-成都（双休，试用期全额）,经验不限,本科,成都·双流区·华阳,500-999人,SPSS,SAS,Excel,https://www.zhipin.com/job_detail/a6a1d8ba45cd0a961XV82t-8E1pR.html?lid=89AapUgEF39.search.165&securityId=10l9w47c90zFt-Y1Zb92z6SgLwdJ4EEkWUVGb-7RiaKUU8sTqC_g-vN-Fjw9atBI1OzuQqI0vRXz2dWErQ5FRgEQWo9SOYJScQftpi0xz2VwShGomfWJ
成都蚂蚁集团,4-5K,数据专员,经验不限,大专,成都·武侯区·创业路,500-999人,数据分析,数据挖掘,,https://www.zhipin.com/job_detail/6071b5cf38f1e9000XZz0t2_EVA~.html?lid=89AapUgEF39.search.166&securityId=p5QGVPDeddBPb-b1uqdwA1PaIWTHsxV1SZN9nn7AYc9sdfdFm4QeybAzb0UZqaEYgT1x-Jv8dCsPaC3BLElhe88POcCI32rg6J9Gxm0DAl2R9Q~~
巴歌悦行成都分公司,5-7K,数据专员,1-3年,本科,成都·龙泉驿区·成龙路,500-999人,Excel,数据分析,Java,https://www.zhipin.com/job_detail/3512eb62ca4a7c7b1nZ609i9GFZR.html?lid=89AapUgEF39.search.167&securityId=aJYudjm3_Cj1L-W1AKXogAxn1jhUxeexNXdfxDIUD996WiH5N9RQNV9hCyhmoEbuRXaiz_7fsI8kDMklVvr-4Xio_g1zIqGj3viYvYGTktH__40kyQ~~
香榭丽实业有限公司,4-5K,数据专员,经验不限,学历不限,成都·武侯区·航空路,500-999人,数据分析,产品,,https://www.zhipin.com/job_detail/36fc1a9ec1a1f2c81nR53du1GVpV.html?lid=89AapUgEF39.search.168&securityId=_gD5abLZOe2Tg-61ZyRMZF9eRBbxyigcVtlqXqpDS7tsuB28KGIsah69ujmLDjMzt5GUr2NamQk50i6VZjYc6Cbwaa2-NARbdDHL0BWQ7C6aza80pg~~
源麒传媒,5-8K,数据统计专员,1-3年,本科,成都·锦江区·春熙路,500-999人,数据统计,数据分析,函数运用,https://www.zhipin.com/job_detail/99242922214024891XV639q7EVdS.html?lid=89AapUgEF39.search.169&securityId=366fQRMCCXC8S-_1gY_570fw7-34xDRQ8A_FPfOQm8iEegmMorDD7kf_Erbpfcm_Fw4RSyLgkDlpNHEGI7kfeAY_MZdtIfcnXL_MDb7qX8ZW-KaWUgs~
云翼数据,8-12K·13薪,大数据工程师,1-3年,大专,成都,500-999人,数据仓库,数据分析,ETL,https://www.zhipin.com/job_detail/21e80c75817cb93c1nR92dq6GVFQ.html?lid=89AapUgEF39.search.170&securityId=mCM6r7K37R2Ip-D1fwAWWyds3pkKneQgYmtl8DQ-qjBHOCDUl8NRKYnuejm-rBVwUu3WBru4zwqb4W6yTBH6X-IWLPvBhvYbc-d0jNevjsvu9dTmRdY~
数天下,100-150元/天,数据库实习生,5天/周,6个月,成都·武侯区·高升桥,500-999人,SQL,数据分析,Power BI,https://www.zhipin.com/job_detail/71589b12462e00da0H1_2dW6ElQ~.html?lid=89AapUgEF39.search.171&securityId=pmxe_40nVc_aR-K19eWasxuDzEKj6eRF8iOj2epP_xGNu28mWzPciYAlWAaqYmu1kKrODeXJnGi6K19-9kXQ79ujgdxigFutEmWS0cnR1dsBbNTv
BBD,8-13K·13薪,金融工程师（数据分析）,1-3年,硕士,成都·武侯区·新会展中心,500-999人,行业研究,数据分析,建模,https://www.zhipin.com/job_detail/1e0a83bf99e76db703d909S9GFQ~.html?lid=89AapUgEF39.search.172&securityId=S1YoHRrbdV47j-S1vo7y7m9iIvt298GRP_cEj2fAiAwUXTlfjB2EbBCx-0UtCiw8Jb3CmcC6NHiZ9Li7KFAGUIxQUEFrGtFABjo6J1ARY_Z06A~~
MAKE1,5-8K,数据分析运营,1-3年,本科,成都·青羊区·黄田坝,500-999人,Python,SQL,Pandas,https://www.zhipin.com/job_detail/ddbd9f74b79361ed1XVz3tq6E1ZV.html?lid=89AapUgEF39.search.173&securityId=S19CH7yvbQZjc-516zJYRv4txN9WWa62TPqTtMJBb4FyQcMUO3c8jNwVGvrASfYrPIzztgYwVr5UM89KDNdTOR4QPU6fvIwxVeEABZSiRuYL
重庆广睿达,5-8K,环境数据分析工程师,1-3年,本科,成都·双流区·华阳,500-999人,环境监测,,,https://www.zhipin.com/job_detail/3b70bb79a94cbee61nx829y6GVVR.html?lid=89AapUgEF39.search.174&securityId=xY0Outqgmm7AB-U1wvS1v31c3Jr9I9ZYaQLrwsYso2D_mDrdeg8uUiP-1eCP9WztYrXEg92JstU2OdjgRE0cWxcsfiLHW3SRpiqYexc4VUNMgxg~
衫数科技,100-200元/天,实习生（数据分析、数据挖掘）,4天/周,3个月,成都·双流区·华阳,500-999人,Python,Java,回归分析,https://www.zhipin.com/job_detail/45659de91dd463091nJy3N-5FlRY.html?lid=89AapUgEF39.search.175&securityId=SI75LSQfxewlH-q1PEGs1QQ1qk4X13V-HxAIc0iUaOzcrOjV-8AiMdw1TOFwmG_V_2ymH6uC75Ap-kGSJdf09cx2hwGXlWOVkCvNscjPYZkQnU2GSQ~~
捷普,15-25K·16薪,数据分析专家（SAS公司优先）,1-3年,硕士,成都·崇州市·大划,500-999人,SAS,JMP,,https://www.zhipin.com/job_detail/54b53286300a8dd31XZ93tS5ElZW.html?lid=89AapUgEF39.search.176&securityId=nARjFx2lTabia-x1lXG4zfqf9AyPtOsPokCfh-4Ui0aywFbaGM_Wm5SjMjog-CQ2cMltddLIbFSZmFi0ErltfkzK4AyvEIg5GoEQ3nPo0ToRSybE
新网银行,11-22K,风险数据分析岗,1-3年,本科,成都·武侯区·新会展中心,500-999人,数据分析,SQL,风险,https://www.zhipin.com/job_detail/906e04da5557c4931nJy09u7FlZQ.html?lid=89AapUgEF39.search.177&securityId=swtJCeWAp9ols-f1NrS3U1qU9oUGBG0Udsc1bBF1tc7ryVNDZdGwhhTYtCJk66lei3tl9_IX7Eh4XuVr0v67Y7p6cJPlMXeOYWdH5DK1ZBJLZiE~
顺为盈世信息技术,8-13K,数据建模及分析人员,1-3年,本科,成都·武侯区·簇桥,500-999人,数据分析,数据仓库,数据库开发,https://www.zhipin.com/job_detail/f40fa7d0a18989940XJ50ty9ElA~.html?lid=89AapUgEF39.search.178&securityId=28i8TWwY-sINR-21n1jJ5fiEFHB_paJiH1urP4od2OLf4ldogmDtVyRs9db_FuUuJuPe43j0S5f4GmhtN3k9IVUsIPNq9nR5awQ6byaDmoOpQPhN
蚂蚁物流,5-6K,数据分析员,经验不限,本科,成都·武侯区·高朋大道,500-999人,SQL,SAS,大数据,https://www.zhipin.com/job_detail/e5d5b8f9d1a71c9a1nZ_2tW8FFBZ.html?lid=89AapUgEF39.search.179&securityId=jn0MAX9Amfij0-91J7pkAcDeUm7LgJrUVuBugAtGMnV3cmGzXDLxqWwP6gBqdJWGQObzwPY3tNEm1I5c_Q_DQi6X49i0JGmD3VLWXVOcBXddkA~~
德特赛维,15-30K,大数据分析,经验不限,学历不限,成都·青羊区·春熙路,500-999人,Hadoop,Spark,Flink,https://www.zhipin.com/job_detail/247a841ae089765e1nZ62N-7FlBW.html?lid=89AapUgEF39.search.180&securityId=MQbJ_N92Cq75s-B1sfAFdJ1fuTC26WWl_HzP67h6PmOjX3UPkX9R_xBu3pNdVQMOWnFBjvWd_z2YE_EM5urCsFR4ExFgbBi3S_dHD1xmomuxn6UtDbY~
飞鸽探路,10-15K,兼职数据分析师,1-3年,本科,成都·锦江区·四川师大,0-20人,Python,SPSS,SAS,https://www.zhipin.com/job_detail/34044921fab7d6b81XV_3t-4GFRY.html?lid=89AapUgEF39.search.181&securityId=_FBImINAbEtmr-01aFATbU01hUMZ_pJW8OKnOncTsYSv9GjMQ8-EhQTT3Jo9oTBYcWTKfRcFyk-5hFPb85YeMYF0Aa7Tde9RvBqSRgS5XxQmgRnGKxw~
富利斯达石油科技发展,8-9K,油气数据应用分析工程师,1年以内,本科,成都·成华区·龙湖三千集,0-20人,Matlab,多元统计分析,聚类分析,https://www.zhipin.com/job_detail/9869cd0c047a28701XRy3Nm4FFdS.html?lid=89AapUgEF39.search.182&securityId=mD2sp66bmQDYD-01X7K4uHWpWpKVPj0VpkYci0EYKawI5-LxKTrFPyejhjRCZrC0Fdsz0SEtBIskKBF2imdZInoJ8-76NRnGLBYBHcJlY-oVzrkxZw~~
天上友嘉,15-25K·13薪,游戏数据分析师,5-10年,本科,成都·武侯区·铁像寺,0-20人,SQL,Python,Pandas,https://www.zhipin.com/job_detail/a4c721091995f64d1n182dm4ElpV.html?lid=89AapUgEF39.search.183&securityId=FrWnsKDrNY6YA-612vgCycANOoY1wgFgPCoEjdKqzQO1r82M8qsqOyWRjNHPQBPKj99a_pv_gB-9sPEdZ0UxvqcqlRK_p_sgK9wLLNSqnN_wt48tpA~~
笠创科技,5-8K·13薪,大数据分析助理,1年以内,大专,成都·锦江区·牛市口,0-20人,Excel,数据分析统计,商业数据分析,https://www.zhipin.com/job_detail/ac9242b8e3dc62d41XZ53Nm5EldV.html?lid=89AapUgEF39.search.184&securityId=IYLNXTzH3Ttxi-11VtIkzfkL1Z416Qy9RjVx69e_dD-xVL7j6x3MzCNjyPabwpdVAljJm5PeyEYIQYTjgffQdzkhZmltTTAxpHTDhRTlY6sziPs0qLc~
讯捷通讯,10-15K·13薪,金融数据分析师,3-5年,本科,成都·锦江区·合江亭,0-20人,Excel,R,Python,https://www.zhipin.com/job_detail/47e5fba8502ceac81n172N-6FlZY.html?lid=89AapUgEF39.search.185&securityId=bzVYm44J-jgyt-71uRv3-KfpmZdMuKKLP5c4S4hx_91a60sPgAnVq888_P7TnMaHZOjmJYJDV3W7boEctmgG4Zyx66M7HWgZ7b44f0VZBCvtlE47
蜀地资环,100-150元/天,GIS数据分析实习生,4天/周,3个月,成都·成华区·二仙桥,0-20人,ArcGIS,,,https://www.zhipin.com/job_detail/8d661b840a0c33181nFz2tS0GFZV.html?lid=89AapUgEF39.search.186&securityId=m3oOvG1YvT4rL-i1L4S1FNAL6Tjq7mL5k0lCXj3W5e1K_neWVWcrfCZEZplayVmUyq786yVafP5c5YFdWADQpngQSf96H8Y5bkog43IS58HUQT0HJKfH
四川思迈特智数,6-8K·13薪,BI数据分析师,1-3年,大专,成都·武侯区·武侯立交,0-20人,大数据,BI,报表,https://www.zhipin.com/job_detail/15a84220da12f2261nx439S0ElBX.html?lid=89AapUgEF39.search.187&securityId=ard6u9PONGk8r-q1n7_cWSU4JhYbxfok4OfXs7fmrM64PZlNbI5u0LKLCJI9n38SsJimhUhWgrCtsPptAYMI5kuR-WBa960aR_ecs8es-FoyhQu6fAo~
成都宝源行,6-7K,BDC内勤  数据处理与分析,经验不限,本科,成都·武侯区·桂溪,0-20人,Excel,,,https://www.zhipin.com/job_detail/5695f529658c99641XVz09u5EFNW.html?lid=89AapUgEF39.search.188&securityId=QFSXCeH6cS_DH-w1MQ2SZDjwDWS-2r9cwCNffBnDZZ-64y_ndbkgZ1yDlFIlV-ZjfidzEfISpfmdKuALPu8lL0FmxdcP_kXxACq7smPtap9b5R8rTg~~
易智瑞,10-15K,大数据分析工程师,1-3年,本科,成都·武侯区·桐梓林,0-20人,SQL、数据分析,,,https://www.zhipin.com/job_detail/75307ac698eb16eb1nx53ty-FVNW.html?lid=89AapUgEF39.search.189&securityId=pZ3PL1jzzGKSw-21FAHoBJuZUQ0EzDecwgbahUPQtAU4Cli-lBHIv06QQZkrwxg-qFhTy44eCmP9nVZnulUnVHg6MqIncH4aVTVouEOCJFPnVjh07g~~
方舆科技,7-12K,GIS大数据分析师,经验不限,本科,成都·武侯区·孵化园,0-20人,Python,SQL,Arcgis,https://www.zhipin.com/job_detail/ec0a9019cdb1f7b11XV50926FVFX.html?lid=89AapUgEF39.search.190&securityId=xuu0lNDR77XAn-O1pkOuc83Xt7ZyIy2ieAh5DwMW6g1KMGpup3YlG4LZdyml8T3o9s03oxOE-QQZX5RxvxvjKGzsn335w0275x8FpsNKYoWqAe8A2h0~
智慧交通公司,11-16K,大数据分析预处理工程师,1-3年,硕士,成都·青羊区·太升路,0-20人,数据仓库,MySQL,分布式技术,https://www.zhipin.com/job_detail/464fa3d7894db5a10nN63NW8FVo~.html?lid=89AapUgEF39.search.191&securityId=oLQa1rfHawCOM-W10RaEalX5xGZf0wiJ133NWCsmOhiVoLTcm0P619pVY2srKuED5npWZYsaAR53tCVL-ixQgjQJ9G1pRoNJi8r7m6so4wY1JucB
中建电商,20-40K·16薪,高级大数据分析工程师,3-5年,本科,成都·武侯区·新会展中心,0-20人,Hive,Python,SQL,https://www.zhipin.com/job_detail/465b1691ae87cc2c1nx73t-1ElFR.html?lid=89AapUgEF39.search.192&securityId=YEmL9Yif4gb5r-S1EpjatqtEjBUYq-3TbML0sgJREWiHhI6ZT9mMQOVjO36lXtJ8F8O9Ci470WsJKyyTtjvkfdaX5KLq2GArNCqFYGSjmeg2mt7E
通通互联,4-5K,售后技术支持-大数据分析方向,经验不限,大专,成都·武侯区·新会展中心,0-20人,大数据,计算机,,https://www.zhipin.com/job_detail/fc5bdd9e2166f4c71XVy3Nq_E1VQ.html?lid=89AapUgEF39.search.193&securityId=OrEOhBsJPgiGO-W16WtgiLqE2HHTLDYqxpj9XSMyR6FWzQ4hOVCHnVgdCE3FUG7EUl6XFRIXAPGSTLsVQLgkwnfTBbijK59vZHxs8KbUn9Kg6NhCp9Y~
苏州百目视觉科技...,10-11K,大数据运营分析师（初级T2-T3）,1-3年,本科,成都·双流区·华阳,0-20人,Python,,,https://www.zhipin.com/job_detail/d5e210d21f0d8e701XRz2t24F1FW.html?lid=89AapUgEF39.search.194&securityId=W7vVwePPlgMfP-P1k9n2_wgOnoV9hka53rUA_ZqKCNe3crPuZO8fJPOGXrNIJ0QOoFV9s-mMrtXKkeyfj85uM1LvIivJQTfgRE8P6sf64DcoLBy5WQ_V
食材圈,3-6K,统计分析员,经验不限,大专,成都·郫都区·安靖,0-20人,数据分析,数据仓库,数据挖掘,https://www.zhipin.com/job_detail/3a80e49a3f55ed4a0nx63dS9FlI~.html?lid=89AapUgEF39.search.195&securityId=yZMtb7AIi9w8I-j1pMj4nYepezhLAZSQmXCkPkp52NoP0moHeyCTXCvXEkzgZUjbVM4vLOtB8G0H5S-JOPGDevK2q57RuaOZ6Xya2TrV7TsQIk8-
成都云恒,3-6K,图像分析整理员,经验不限,大专,成都·武侯区·桐梓林,0-20人,数据分析,,,https://www.zhipin.com/job_detail/7cce395b50a9a25d0HFz29i_F1Q~.html?lid=89AapUgEF39.search.196&securityId=KqRuiGso7oF4i-r10on3X_RIG5OMeEf9oLKC2wot5krefmJYYZgVJVI1IP8oD6RGCtrpvQfmK5PKvPMZOq9pe1LuLo58Zw7gD2P8CP3VR0ie8OYd
中译语通成都,100-120元/天,舆情分析师（实习生岗）,4天/周,4个月,成都·武侯区·桂溪,0-20人,数据分析,,,https://www.zhipin.com/job_detail/508fafbbf05832ae0Xdz29-5F1c~.html?lid=89AapUgEF39.search.197&securityId=b77MjuzdigyUX-H17dPf1Hn4K8BNskglMIZvfzd_72eGiDaHZ1csrNV61C4pSIi4ahFykpjeIO1dTH7XecOe-tN2OEfeIEGGdx8kgDd2shGhhY09
中地智慧时空,4-9K,房地产统计分析师,1-3年,大专,成都·武侯区·石羊场,0-20人,数据分析,数据挖掘,,https://www.zhipin.com/job_detail/536be43c5d77ff5c0nB53Ni6EVM~.html?lid=89AapUgEF39.search.198&securityId=uLL7LIjMU53F3-M1wV_f2jjgtZEjve5RTgxTUxkFNBy0n0CarB6NQLyGzvLeKZ9jMJ41iN3hl2sTvEuNSmNgBnpIY81FHm2czdFh8PU_LLksnwQr
朴朴,15-25K·13薪,高级成本分析经理,5-10年,本科,成都·锦江区·成龙路,0-20人,京东物流,京东,顺丰,https://www.zhipin.com/job_detail/685fe1e5f46fe0481XZ62Ny4FVFX.html?lid=89AapUgEF39.search.199&securityId=vvM7aBpj1J7DR-u1ZEnK8h7ewntdF7fuBoCeNpIoHeLFBT97y1xNPTYfYa7KbXtSeF5ayhAjjYux3v-dvDUSypEXvuGBeKZeRTUEK4dThU4U5qfX-Q~~
卓远,6-9K,软件需求分析师,3-5年,本科,成都·武侯区·汇锦城,0-20人,数据分析,数据挖掘,SQLServer,https://www.zhipin.com/job_detail/8d64daf76dab618c1XV72tq8ElU~.html?lid=89AapUgEF39.search.200&securityId=IX9fkMv7pwtIk-A1-oKvMlwNKbNjB0F5RUcXKVHU8E6q6FJGXer9wjClX6WlzfO6-Os1GWjM7aFAxF99_IS0UXcrpyd_S2Sfe4UGHULKmifs40hC
北京字节跳动,20-40K,数据分析师,3-5年,本科,成都·武侯区·新会展中心,0-20人,ETL,商业分析,数据挖掘,https://www.zhipin.com/job_detail/f4dec5843a05bab61nV-2925FFFV.html?lid=89AapUgEF39.search.201&securityId=F7WDi7YVhcZ8y-q1QiWWkIdDXbQo8eyi7-0or-v2cDHsXjwkEsAmG8K5mM3Z8qLMBZgIl8DDvWKp26T6REsBA8diFUwkQEiLuWm1hGpEFBmO909E
中新量子,9-14K,数据仓库,经验不限,学历不限,成都·青羊区·黄田坝,0-20人,数据仓库,数据库开发,数据挖掘,https://www.zhipin.com/job_detail/726188b4fae80e9f1nV73Nq0GFBR.html?lid=89AapUgEF39.search.202&securityId=ByrKNQ5G_k9mu-t112GfYW9AIvqmgt4Cy_iWfZO7a39IHqTwDWIL8rWhGVEVEwFFdQ642NIkPFwa1olO1mftxFr9D_MBHXJM3TlMmAHGuRq9TsySEbu_
世纪购,15-25K,数据开发,3-5年,本科,成都·武侯区·伊藤,0-20人,分布式技术,架构师,数据库开发,https://www.zhipin.com/job_detail/771b35e5e40554d233Zz29S1FFI~.html?lid=89AapUgEF39.search.203&securityId=DGJWb1zHCsltK-b1g354FG3Ey80J2dKqq_h8rqNF5LdFGYZwEXUwoK9vG4VETycmHcojb8fgvptwoHpKphrdlwDpP4AHNI1GvrtSz-7qOcpzEj8E
居学科技,15-25K,数据产品经理,5-10年,本科,成都,0-20人,SQL,大数据产品,C端产品,https://www.zhipin.com/job_detail/6154515e3bb0d4c11XV82d--EVNX.html?lid=89AapUgEF39.search.204&securityId=EQPSCogNMMBLd-x1JAKE9mDxZ-KotCEfZLN9B6yI-M0e1tIDSETikoH7HIL_UpwSRjh9sTRLez4GXlmQ5Xv9wJ0rG_B4sMd20u-PC-2WQNH_O4k~
联讯社,13-20K,数据产品经理,3-5年,本科,成都,0-20人,数据分析,用户研究,中台产品,https://www.zhipin.com/job_detail/9e69c5b7117bb5ae1nB_3dy1EVFW.html?lid=89AapUgEF39.search.205&securityId=KZS8Vx1TGacN7-b1RGvRcKWn4pkT2Q6MKfP8pzvDiR8Gct5PymLNu2dTZnTzgeHZe2DZiun8kyDJoo1tDqRD1umVqcRgf6Px7IIkcHABYXwu-5rD2g~~
天眼查,15-25K,数据产品经理,3-5年,本科,成都·武侯区·新会展中心,0-20人,市场调研,产品设计,产品运营,https://www.zhipin.com/job_detail/ec811a7e7aaa45331XR-09S7F1ZQ.html?lid=89AapUgEF39.search.206&securityId=z7z5_85JN9ZM0-I1zhIG8CswTYKAFkE9y0rjzWxIhN9cXRhVz3Hi2D-5mHp0aiYB2Kq4njY2g_t9k0r0gVjMMfBIyZCHOQwrCGNzFzDISfQhu82B
这伴科技,16-25K·13薪,数据产品经理,5-10年,本科,成都·武侯区·石羊场,0-20人,推荐产品,数据分析,,https://www.zhipin.com/job_detail/8307bb9064a8b8c31XZ629i0ElFV.html?lid=89AapUgEF39.search.207&securityId=nCF0Q4CIIktZU-l1t6mj08_siMs-6JyZ9ViAesleET6_6J8lAuB5jRG8QVoZ_ziZKybYJnccixT7dJJB3BLQ7sYwkhGk_ZYXFEEx47bX7q0RcMmjQtY~
海思科医药,15-25K·13薪,数据产品经理,3-5年,本科,成都·温江区·温江大学城,0-20人,市场调研,需求分析,产品设计,https://www.zhipin.com/job_detail/b1f38b3fbcd01c8c1XZ72t-8FFFR.html?lid=89AapUgEF39.search.208&securityId=5z_gJ58ijp2VP-Y1TUevDnrKh6UNArWJ15wZv64rMQZILsEExOSfU2Yl2m5ZaPMZYa_RtcHmapLzUzolsGd0ZFHxIGsRCdY9Rx2kArEsJlhDTdBOBA~~
任小满,9-13K,数据产品经理,3-5年,本科,成都·武侯区·新会展中心,0-20人,SQL,产品设计,产品运营,https://www.zhipin.com/job_detail/4756e11da58df3e81XV_2tq4EFtZ.html?lid=89AapUgEF39.search.209&securityId=E6f40rxgsqg6o-v1aWBkxIXN3xzZgUIwWFT5QgAvfPVeLe9loPM7iRsK1F5VZZl9pFydoQ6xMTVAuQdDhDkwOmOCVvfxz9vl3UijpCtI8KploKmuCCo~
四川鑫和易,3-6K,数据文员,1-3年,大专,成都·武侯区·簇桥,0-20人,数据分析,,,https://www.zhipin.com/job_detail/d8fd423db447f9781nx82924Flc~.html?lid=89AapUgEF39.search.210&securityId=Gl6KwuoczEajB-a1DIG_o2j4zQe0Nhe66PkIeLdxTIbHqOchpDlApxRLMwoigk3jrl4e-bOkm4UPMKISz0bD3pniuGIYrH07HHNceVTKeqQio-Q~
慧财智科技,5-8K,数据挖掘,经验不限,本科,成都·武侯区·新会展中心,100-499人,数据分析,Python,数据处理,https://www.zhipin.com/job_detail/da7de7defca1438a1nJ62dm_EVU~.html?lid=89AapUgEF39.search.211&securityId=3AGdvtbmE4yta-21sKGHS-80IxxZmPj9PurQihKKWPnUI5JD3Z0_mG9pvOK2qxc5bX9kE4Vb6ieFCW3VsVTqLwBCpqY_HUb7B4aCARh9cw1oupJW
北京资采,8-13K,数据挖掘工程师,1-3年,本科,成都·武侯区·桂溪,100-499人,数据分析,Python,SPSS,https://www.zhipin.com/job_detail/74cd009cb46fa7391nV52NW_F1BW.html?lid=89AapUgEF39.search.212&securityId=mWw5ii3y_TQyH-A1DZm_OHWeiYGeJORw9vrBPo8koJ3Z6hc7o6sDYVQEoCSGnGv8_dXIHXhQighe-WaOAW6gXCZ4NGIZZx11E1Vp5_7VFqv0TJA~
运荔枝科,15-20K,高级数据产品经理,3-5年,本科,成都·锦江区·柳江,100-499人,数据产品,大数据产品,需求分析,https://www.zhipin.com/job_detail/a641e5a54b5e99c40HN709-9F1c~.html?lid=89AapUgEF39.search.213&securityId=xVNefZcv41apy-s1LrEJpot8-woVyzpEWBausrLfQXAZdQqFD_lPCaQy_LNcnjGPSqDYwGRIsUSU_JOllx6-5TjwzRtC1o52onfNh3kUXBVRc4NZ
千翔科技,4-5K,数据专员,1-3年,本科,成都·双流区·奥特莱斯,100-499人,数据分析,,,https://www.zhipin.com/job_detail/c9ebb1534c04d8bf1XZ-2N24FVBS.html?lid=89AapUgEF39.search.214&securityId=MG_2swz6G6q0t-01zZ1hlGXNpMUW3Rv4xxhSKZNHQrdSSEzKS_rPegmnKQzMywxvL8NMtn2e8NAaihpBd-Rw79bOnnQNoFw0K0ROPkmrcsXt0jnU6Cg~
滴滴出行,4-6K,数据产品实习生,经验不限,本科,成都·锦江区·九眼桥,100-499人,产品设计,大数据产品,B端产品,https://www.zhipin.com/job_detail/ce8f4ca33ea33eac1nFz2tS5F1RS.html?lid=89AapUgEF39.search.215&securityId=tEfgHp0fKMCjp-G1FVQW2d0BgTXWCtiFn8bDox_j-Uyg3XMjpm7xrrn5QEZ0Ep-7oOGkUcxcT0pRnIdDApKMv295JRaaA5tCAC_xhW4YC53kJxWj
嘉葆药银,12-20K,临床数据管理,1-3年,本科,成都·锦江区·九眼桥,100-499人,临床研究,临床试验,数据管理,https://www.zhipin.com/job_detail/bf0f2e07252e20781XR_2dq4GVZR.html?lid=89AapUgEF39.search.216&securityId=527KLbNxKQkr9-g10glSejaoNeAq-qAIPYAEN98swRvSiQZhv16M4ylUuQUIqdYDCe5WdqWdj3r6XC08opZ095G2d3e-Ct1BNgcqFnQSVGw2rBDm5w~~
美稀美色服饰,3-6K,数据仓库,1-3年,高中,成都·崇州市·崇阳,100-499人,数据分析,数据库,数据仓库,https://www.zhipin.com/job_detail/e62ceb8ea8a5d0de1Xd439u5GFM~.html?lid=89AapUgEF39.search.217&securityId=s1T7LeO1UvbyU-l1vYFUWjDdiVeDhhRencw1tHIWClI6xYPesIPJc7SCpQS9uAig_oIlMaTxwxhjcZpCkzuCFC1-u8OKNaOIg0JhRJHptC5dCgNK
BME,15-30K·13薪,环保数据算法工程师,1-3年,硕士,成都·武侯区·新会展中心,100-499人,Java,Python,算法设计,https://www.zhipin.com/job_detail/8f74d8a29fbbae031XR42961F1NS.html?lid=89AapUgEF39.search.218&securityId=ifXyvOcGFj61v-D1cTvaAYtFPt5WJEdvcyVnhYpQ38LJPW3YrhFns-2o5E5_4IA8QA98H7XCrmnwqx5y58Y1FKImG96y4wpsx0PDbWqRyrfbZIVRmwk~
明亚智行,15-20K,数据开发,5-10年,本科,成都·武侯区·机投,100-499人,数据挖掘,Shell,分布式技术,https://www.zhipin.com/job_detail/25f6824ceac926820X1y2tm6FVM~.html?lid=89AapUgEF39.search.219&securityId=Z19ufJ7fFaIrR-z1Keqr63l2wKrpJZBYgTwOZMPOOTic2pr_0xC6l9TXZQQeko4G0kYQTEaMyko4MUIwN4_kCNSjl6Xi7i6Cyq7i7bpScn6WycSX
中科合迅,25-50K,大数据总监,10年以上,本科,成都·武侯区·红牌楼,100-499人,工业互联网,工业大数据,物联网,https://www.zhipin.com/job_detail/4f39f23b1ea447021XZ52Ny0GFRS.html?lid=89AapUgEF39.search.220&securityId=TqSBtkI9BnIW2-f1W41ROTc11YIlFiwk7Bl2fQMEQYlXztIoSYR3yfmXZS04hU3vnVMN9wKyOIcz7s-a1iXQpKVQbHtbnze8QoddhKRqc1EPE5bC
成都康赛,5-8K,数据工程师,1-3年,大专,成都·成华区·财富又一城,100-499人,ETL,数据治理,数据分析,https://www.zhipin.com/job_detail/3c014646b168e5613nN609W7EVs~.html?lid=89AapUgEF39.search.221&securityId=aQAzW9hi_ZskS-A17Xpt6iD29oz_PNt_nU_WXb6NiMacZEeiQeGAluCFQSpPSqd05RyqiA1ZC3o7te_XC0525xZu3VXccT5imtaXpf0B1K_X-yM~
瑞都不动产,4-5K,数据专员,1-3年,大专,成都·武侯区·孵化园,100-499人,数据分析,数据汇总,端口管理,https://www.zhipin.com/job_detail/0c2f27307f29830c1Xd43Nu7FlNU.html?lid=89AapUgEF39.search.222&securityId=LIj0C4YYhr-Sg-r1cbblVKAbh2MiSKZFfwQclDi3JBK659YxbZpWopNHUjVbNUwTarQRG_xt8qLOG_ZF1bik5vAhRHrLMPK2hVl2XwlNcngEJTzIcDg~
朗驰欣创,100-150元/天,数据标注,3天/周,2个月,成都·武侯区·新会展中心,100-499人,数据标注,图片标注,数据分析,https://www.zhipin.com/job_detail/a2227cf90ac8b72b3nx439i_FVM~.html?lid=89AapUgEF39.search.223&securityId=L76D2kITnUDAb-T1UmF8qt-mIQs0Vj8QR-MwyZ6UzBUP0Voy7IEv8OYV8ltUwgs-eEcKaYl9LIdmwcx3SSJUbdsvVz3snSpoTDu4CTnpsab3WQ8~
荃胜印章,4-5K,数据采集,1年以内,大专,成都·双流区·华阳,100-499人,数据分析,,,https://www.zhipin.com/job_detail/9ca63241fb4c5ae21nF42Nm_ElFW.html?lid=89AapUgEF39.search.224&securityId=rPU1RCDhIN18d-L1Zr904S5yF2SEovn8f5REOP98PsmKQ-Q7oQEPdj5ziDDr7ziV94dUAYqGqC3EUbL0yatfm-XGDxly4yw1YVFT4IaqRoukWMHwzKU~
云览科技,18-35K·14薪,数据产品经理,3-5年,本科,成都·武侯区·新会展中心,100-499人,产品设计,市场调研,用户研究,https://www.zhipin.com/job_detail/fd79a582049ccaf41nF63tm9EFpZ.html?lid=89AapUgEF39.search.225&securityId=qUNij7nARq1rC-m1QKL9BT81mgjaulTo8h6tND2enIKZ5JpwFDjlPfkOeHLDlGeVWxzFacK757Iv8vhjJMj8thbhnP6aEUc6Tn-nCHCSiyGPq5jw
新疆广播电视研究所,10-15K,大数据开发,1-3年,本科,成都·武侯区·孵化园,100-499人,数据库开发,数据分析,,https://www.zhipin.com/job_detail/c77f952c3d75545e1nV52Ni-FVBZ.html?lid=89AapUgEF39.search.226&securityId=zbfL4HOveDKbf-D1QxstZsM_gULm6r0QX9K5_3Wr7Hp86FADwjfHNWxzcQdSXPnCewmm1giOO6r-OtUmc9-babzqmrXI2dB_en13H4krIF9YKZqBKRY~
小米,10-15K·14薪,小米招聘仓库经理,3-5年,本科,成都·新津县·金华镇,100-499人,仓库规划,仓储,数据分析,https://www.zhipin.com/job_detail/c83a0881e60ae8621XR839m4ElNR.html?lid=89AapUgEF39.search.227&securityId=u0c2LLrNg75Ej-01UqeGfpVuTQuz1yDakGXKMB9W4dSpOALwmLZNXbJQyxm9mt6w5csvQ94L4qZiLKA8rm9bJUYFXxiESY7Sktotk6OT756E-CU~
新灏田,6-9K,急聘 数据文员,1-3年,大专,成都·彭州市·濛阳镇,100-499人,ERP,数据分析,数据管理,https://www.zhipin.com/job_detail/6a64d8bbf4ae401e1XZ72di5GFRW.html?lid=89AapUgEF39.search.228&securityId=Q0e0o5rZqCzzc-d1MlsnvbcBtJtxz8vh6Hlw-QkOIQEwx0w4RlLZKoG5D8tUnQAnjrChDN5KOZ4t0zLK1jY-NoCyqJZF_77orT41SlmpJz6IOoRDUfM~
阿宁食品,5-6K·13薪,数据统计（入职六险一金+食堂）,1-3年,大专,成都·武侯区·火车南站,100-499人,数据分析,,,https://www.zhipin.com/job_detail/1171c4e8c1b5418c1XV82tm0EVNW.html?lid=89AapUgEF39.search.229&securityId=QecXGDb0BSWxP-r1BSeK80YOSHk-boF9iAbZVHRNMhzAyeXCJpzGbhW-D2po9cWhA9J44EEIZOKBJZM6CaCtR_xfvY7mMzi5ewMTPjuY-W1YVZbb8Q~~
英海瑞特,14-20K,数据产品经理,5-10年,本科,成都·武侯区·新会展中心,100-499人,需求分析,大数据产品,产品设计,https://www.zhipin.com/job_detail/2313e1bf9a7aac621nVy2dm7ElZR.html?lid=89AapUgEF39.search.230&securityId=TgvYp9QBPzip5-c1t6cZLMf20EkeHtB6L_Mp90fUqhXqQMn3Q1O3h2U6JOkOqtneaBQ58xiaEBOO-DxSqAJrKxVRUYl30Qaw49YJt0wpypUG8Cl6QA~~
国星宇航,16-23K·13薪,数据产品经理,3-5年,本科,成都,100-499人,大数据产品,产品设计,数据分析,https://www.zhipin.com/job_detail/938362f2665549621nF82Ny4F1RW.html?lid=89AapUgEF39.search.231&securityId=Dlrql1cbfRFqm-F1lAnpn-vd--osPrAcPWkY8hLW1cM5zMEqlf_FxqCi-MRvEs04xbJ8XL3Yhuue5B1NfYgOqlemvzjfUfZvDCo_dC6YrJ6aAcUYSA~~
一心航,8-13K,数据产品经理,经验不限,大专,成都·双流区·广都,100-499人,市场调研,后台产品,需求分析,https://www.zhipin.com/job_detail/bf9b90ac701ba1f61XV72N65F1BX.html?lid=89AapUgEF39.search.232&securityId=Ykr9QW11QahQF-I1--Feh6uuTUdGy3nRUnd-gLpulVqEOA4hxy1ha2EMkPkTE7WFtEs25W4-m9WliN7lfgQ6pfZ0rlPhdBpSW1xwLZU69hcRp1-46w~~
微银合创,10-15K·13薪,数据开发工程师,3-5年,学历不限,成都·武侯区·新会展中心,100-499人,数据分析,数据仓库,ETL,https://www.zhipin.com/job_detail/a1ba394a8ee56ca733Ny2di6EFI~.html?lid=89AapUgEF39.search.233&securityId=0oIjaacbhhOPC-11monexw8xSNmOGjkbduLvf43UwqntLCbNCurSWDzvPL6h6bKVNO5VM5rnj2dQjPwgF7sRFe7xyf3sjjUyMwGYQc_JBNjPbg4~
峰慧加,20-35K·16薪,数据开发工程师,3-5年,本科,成都·武侯区·新会展中心,100-499人,Python,数据分析,golang,https://www.zhipin.com/job_detail/94655bb1dd9b7a471XZ52tW-GVZR.html?lid=89AapUgEF39.search.234&securityId=QefltjiTPBlnh-K1gt85IHRktkhmqzgoO9zJStp1maTQ-RM1fKSfeA7o0GRvJ4hVtdPS71lW2GsB_BDufbVT3T2EYh_Bf4NGrIQY7SWaAtDLm4xbsdLj
羊融圈服饰,4-5K,数据产品经理,经验不限,学历不限,成都·金牛区·国宾,100-499人,数据分析,产品运营,数据产品,https://www.zhipin.com/job_detail/eba04bdf6db364f31nB_2d61E1FQ.html?lid=89AapUgEF39.search.235&securityId=wN9KRk2AgbZGk-Y1t9DZt1P8z62zu01fKGxXDuuFuNV2mWyZEH7xeuhD0eyLx4kZfZoWv_QpUq4GrxHCk3Xgep2aUvf3vwOAys9nGolWdx8omIBrd-o~
美团服务体验中心,20-40K·16薪,大数据挖掘工程师,5-10年,本科,成都·武侯区·铁像寺,100-499人,数据挖掘,数据仓库,数据分析,https://www.zhipin.com/job_detail/1ecea7f8d9e9b1de0Xxz2t28FVM~.html?lid=89AapUgEF39.search.236&securityId=fVBK2w6JWLNy1-419884-8ZGfF8WK8IaXCOg_8HJrWK6LpxbY2HH2jEeYCCAnTBk3eUMt0TeaOd5kVdB4CmCx2lu3IMLry565MHA9soxjDfOYIM~
易达数安,6-12K,产品经理（大数据）,3-5年,本科,成都·武侯区·石羊场,100-499人,数据分析,,,https://www.zhipin.com/job_detail/7dc27c4c9da6d4211XR809-_Flo~.html?lid=89AapUgEF39.search.237&securityId=eQN5hHqDjNTrv-c10dgDkey6O2uGOgMa0Jl-_JJ8Ka9twkshN7wk6TR03K6__-dlrAaSZu0xAtuW2q9RyLgxy2WmY8ow-rQ7A-RN7EYPNsejfCBC
智库2861,15-25K,数据挖掘工程师,3-5年,本科,成都·武侯区·新会展中心,100-499人,数据挖掘,大数据,人工智能,https://www.zhipin.com/job_detail/91be1994831b1c3e1nRz3tm-E1U~.html?lid=89AapUgEF39.search.238&securityId=pkFs7y1CKgtpY-B1XUvAiRDHPI6cnWVvjL-mXJLRV2qKCo9ggvqy4W3c8zu8RaZ477F4jf57WIGawwmD5H8ucItLBNJI0noatswatJYk-bQrSMQ~
阿里云,30-60K,大数据架构师(成都),5-10年,本科,成都·武侯区·新会展中心,100-499人,数据仓库,数据挖掘,ETL,https://www.zhipin.com/job_detail/a50bc857e6c1e76a0HZ52dq6ElM~.html?lid=89AapUgEF39.search.239&securityId=MwF2vWz1xNcuY-I1utZyBGjAknF8NPsjXE7arCG6eSOKFzxV_BjgCNeFHJuYnLEaYWFuKHrs2ZaWjT8eVeuMv4hSeSYazLmDzE2n_JTWZBlC9jpc
西部硅谷,15-30K,大数据咨询专家,5-10年,本科,成都·金牛区·国宾,100-499人,市场调研,大数据产品,需求分析,https://www.zhipin.com/job_detail/98e096c9a8b052cc1XZ709-0GFVQ.html?lid=89AapUgEF39.search.240&securityId=N4-UeLnSx7Yuq-r19MDgKnUliAJSFY2MRwUix1-uNkIIe6QgFFpmPOow8KYoAFQQzkYy781DvqUO5KkXkmrUbQT5b9pRcEV5Q_o31OBgWnEGLz3L-w~~
贵州润可,7-12K,中级数据开发工程师,1-3年,本科,成都·武侯区·孵化园,20-99人,ETL,数据库开发,数据挖掘,https://www.zhipin.com/job_detail/84ab7c11a7a050fd0nJz2Nm7ElU~.html?lid=89AapUgEF39.search.241&securityId=NDAJQrgNVqWaB-h1sHPG-k_OJggi0kVY2xBFLNGu6Ul0EEufvG2SMeEUMBJeNbQoJuVvDTWLvde8NDvPRrYYVOa_IgDHRRaX3PREONG4ni6q7Lo1
鲜生活冷链物流,15-30K,高级大数据BI工程师,3-5年,本科,成都·锦江区·琉璃场,20-99人,数据仓库,ETL,DBA,https://www.zhipin.com/job_detail/3123a7322ca229691nZ52Nu_FVRV.html?lid=89AapUgEF39.search.242&securityId=0yPj1VbWEA6LT-01qMKD5XShxthCB1aB04AkdlVeZtXBBKVE4L8t5ztm-SYSaG0Opt0J9Z0qHi87raEJylCEMRmIUCWGTvKbzkG76CO5ibNHTipc6A~~
快牛智能,15-25K,大数据开发工程师,3-5年,本科,成都·武侯区·新会展中心,20-99人,数据仓库,数据分析,数据治理,https://www.zhipin.com/job_detail/8c6b03a7a1dcae0e3nJ73Nm1FFM~.html?lid=89AapUgEF39.search.243&securityId=9LcuFmVd13mKx-v1kiV83-NF94FnBwhpV6Oo17BdJQSUjC5PWsltWVqiQiplbHaMwTzK3VZB0ClBN-wRCmV9o_xXabDUPYaM5FMnqVl0I-aDLJ4h
星佑科技,10-15K,数据处理工程师,3-5年,本科,成都·青羊区,20-99人,数据架构,安全,数据分析,https://www.zhipin.com/job_detail/494462a4994ad6190nF42tu5FQ~~.html?lid=89AapUgEF39.search.244&securityId=eTp0Z7B2RYcVO-1154TqOyPZ_tNz-awjEic24TJ0x7a0XA_vSznhS0xCM7eSJwylZdgp9jTrFUCE2MZAowU9C0bbWzdTAOLgdhZC7DxDIJnw
森微科技,15-30K,大数据架构师,10年以上,本科,成都·武侯区·银泰城,20-99人,大数据,数据架构师,数据分析,https://www.zhipin.com/job_detail/e36e205cf3612a571nV53dW4EVFQ.html?lid=89AapUgEF39.search.245&securityId=5j_ARmc2XxZkF-d1gmyfzplBhCc-6Jci8jHmrXcWdbNQzprOQcXhHz6_lG6rgjmKoM2vWDB0pAknk_gEny6rsiNGNs4VbpiN9tnoRBWwdGSbQSTETw~~
蚂蚁金服,20-40K,大数据开发工程师,5-10年,本科,成都·武侯区·银泰城,20-99人,数据分析,Java,Python,https://www.zhipin.com/job_detail/be5fa410220f39820X1-2929FVc~.html?lid=89AapUgEF39.search.246&securityId=NbxocK7Bf7QmQ-W1Ll2UTCuKHor6z00fkt9i7al5fNraP_W262XLeZq4T6qpG7ts099jvQDKWrne5QODnv6cd85otb44_xyXDK2xOcHCVIW8Vmc~
成都元音,200-400元/天,产品经理（大数据AI）,4天/周,3个月,成都·武侯区·中和,20-99人,策略产品,英语,SQL,https://www.zhipin.com/job_detail/e86dc4112bc04b501XZ-3Nm8EFFR.html?lid=89AapUgEF39.search.247&securityId=e0KTgPjHxsKdj-_1PfuO-rHryp4ndgPkzHHvybKZC2u02n4mEV3SBmcbKqpLLOmhu2ywcfuZP5uUs8uTGNe0FQXwxknzgP1yltEGp3taP5Li2OEYg2w~
邦富软件,10-15K·13薪,中高级大数据开发工程师,1-3年,本科,成都·武侯区·桂溪,20-99人,数据仓库,ETL,数据库开发,https://www.zhipin.com/job_detail/2ddd31df061ea20b3n1_396-EVU~.html?lid=89AapUgEF39.search.248&securityId=aJOHVvs8OHyYm-O1QEX8UTzF47wlhp9nmGnY4R4ELQ4veya9hlb3F96lfv-89C0vRLDBxLN-6s4jelxmRhX4qAkcfSh1PZ8uD6LgtZX0Lk-LYSAg-A~~
成都智极,9-14K,数据挖掘爬虫深度学习图像识别算法工程师,经验不限,本科,成都·成华区·驷马桥,20-99人,深度学习算法,自然语言处理,机器学习算法,https://www.zhipin.com/job_detail/50dbccdd5b7871e11nNz2t-1FFdX.html?lid=89AapUgEF39.search.249&securityId=7weZhMpFQbzJm-116e1MCID0wXJ0B3nld2kcwEUahpdsaZr2uv_QcPWmj6JkAaZCrL_6WXZKxNtpxhmdD8nyFAik19E5K6LdAdH8CZJf13DlpktCboM~
映潮科技,5-8K·13薪,初级数据分析,经验不限,本科,成都·武侯区·新会展中心,20-99人,Excel,SQL,数据分析,https://www.zhipin.com/job_detail/4a0e8cf945c0ca971XV42ty7E1pW.html?lid=89AapUgEF39.search.250&securityId=gAEoK1MWBF3IH-x1hKdnKrCKZ5EM_OxUZN5iGhAisgCWvjQP-QwBf5k7ZbCofpNf3qC-9rlIP5RIdADSkXAn6RFoWCHO7WHsb9oqoEPsUlbe0qGjXlM~
成都蚂蚁集团,5-7K,数据分析员,1-3年,大专,成都·武侯区·高朋大道,20-99人,Python,SQL,Java,https://www.zhipin.com/job_detail/9c5dbc2bb0d7f9431XV839i9FlZZ.html?lid=89AapUgEF39.search.251&securityId=7iIdrwfb6f3h6-U16N4kdUhNTEQYhk7CaiSZ5uvKuF-7S2bjO_NHPcS4i0HzRbSsOBCJONYCTYIea6d4-yYqI3dDQBuolG_AujM2dOJcY7SYxHU~
阿布空间,3-6K,助理数据分析员,经验不限,大专,成都·金牛区·一品天下,20-99人,SQL,Python,Power BI,https://www.zhipin.com/job_detail/35714a4acb70ef241nJ90tW8ElpV.html?lid=89AapUgEF39.search.252&securityId=eTcPCZh8UZ4xJ-b12M6st18ocngd61A124ZbFZ3jWLeiS1WJM9b9Rrs_UdX8uQ5k_RGq6KOH9KWtUjpJMZr1Pdj_UUy7M_2yR66HQFHBgRLsrhYmFQ~~
新希望金科,15-25K·14薪,大数据分析岗,3-5年,本科,成都·武侯区·石羊场,20-99人,SQL,Tableau,Python,https://www.zhipin.com/job_detail/821a45b4ff22678f1XZ429S_FFpQ.html?lid=89AapUgEF39.search.253&securityId=0HLRKNZ0et8GM-i1PSoJnUAzeTTu6J2MXzbhILjvh7Y7A9ckZ5YUYHpCYJHbC0fJIV8GvEUp9f_aVGXmD9srv2iYvj6vcDSwuzSdwCa9X9gLPf380S0~
六点水,10-11K,spss分析师,经验不限,本科,成都·简阳市·北门,20-99人,SPSS,数据分析,SAS,https://www.zhipin.com/job_detail/efcc81890b78dcfe1nRy39u8FVpR.html?lid=89AapUgEF39.search.254&securityId=R2G1ytwo3ho9p-v1wCEscgvEb7EgdgE691Q2PAJ-F-PWNKmm9gDRGpmrABVqAAZAxucJWSbErqxwzTPlCgblCSZN0qcoul6xjk9Hwd6gjIGUopn-OHY~
麦可思数据科技,6-10K·13薪,数据分析师（成都）,经验不限,本科,成都·双流区·华阳,20-99人,SPSS,SAS,Excel,https://www.zhipin.com/job_detail/babfe29d1a3fd0c51XZ43dq9ElZR.html?lid=89AapUgEF39.search.255&securityId=RhrJAmJfnr6NG-911foe9h4Wjc8umKIbcgDyNrU9jzmblNPhD6NdZkYfkBfnl7H8g1a9VrVkYet811ho9vnrcaYZCYAqEq81A16JaoMp4ep0gRPQkK2cYNEufQRprIj7iC51G_EvIHCmWfEvaoGwlZA~
斑马网络,15-30K·15薪,数据科学(J10587),经验不限,本科,成都·武侯区·大源,20-99人,Python,SQL,数据分析,https://www.zhipin.com/job_detail/359ce7242e900d261XZ70926EldQ.html?lid=89AapUgEF39.search.256&securityId=E61M2qpCB8chK-11lX3PvGWZolpx3cT0zRTFQUT49FfINKfIFyYu5W65hUZmSsfqbvu06cyM4S35RFGvkt0N8ctSG4Wquyt4EbC7yMRCYAZCpj-X
世纪购,10-15K,高级产品经理（数据方向）,3-5年,本科,成都·武侯区·新会展中心,20-99人,产品设计,数据分析,产品运营,https://www.zhipin.com/job_detail/f012d339ce76b2921n1-29q_FVZV.html?lid=89AapUgEF39.search.257&securityId=kXQ6q2pFyh9Ha-W1RG_cbe8WpHeb4zpCuvHiHA6FU7wuQVbCIYbWFVzHxntbL_SZd3pUudK-cXvUM9hQL8wsX3vPJ85vv8p-H_n1nVSqUg35LHakshE~
蚂蚁金服,20-40K,数据开发,3-5年,本科,成都·武侯区·银泰城,20-99人,数据分析,数据库,Hive,https://www.zhipin.com/job_detail/77ab005db5b7d4911Xx_2dm9FVI~.html?lid=89AapUgEF39.search.258&securityId=dtm25s0gKj3ku-a1nHUpWqXbzocYvVzv0SRMm5wKiUf9gMsnPAAYZHlaC5FmwN5au-T4BjQm5GrPYFo6_rbba4Sw9Ajj1tg2RS8_gb0ulRCSdQ~~
今日头条,35-50K·15薪,数据产品经理-生活服务,5-10年,本科,成都·武侯区·新会展中心,20-99人,数据分析,SQL,B端产品,https://www.zhipin.com/job_detail/dc3160aba4fda3ed1Xd639W5GFtV.html?lid=89AapUgEF39.search.259&securityId=GQYVSGr0n6SJF-11Tj-WRMK4zX0OeMGYBt931_himzvyE2ScTpD37Q-xqhMIfUrTMpiTsHw2Yt4vRxYlvfyer9Kcvvw1xuZ_Ulmo6pR2QbRLu_8~
久远银海,10-15K·13薪,大数据产品经理,3-5年,本科,成都·锦江区·柳江,20-99人,大数据产品,需求分析,产品设计,https://www.zhipin.com/job_detail/cc971507ef6d371f1XV72tu7E1tV.html?lid=89AapUgEF39.search.260&securityId=sq0N8Bx7j5kXz-N1bWa7yML2PzakG6f68hq0wf2hZE7tsdv02uaD7o6Ig7UfTvgRhzNujgh7tj0wXDwwsg197W3bypDpV5AQheKZdrSorfilRw4Izw~~
美团,30-50K·15薪,高级数据产品经理,5-10年,本科,成都·武侯区·铁像寺,20-99人,市场调研,需求分析,产品设计,https://www.zhipin.com/job_detail/d0d43186ee2c497b1XR72N28FFZY.html?lid=89AapUgEF39.search.261&securityId=AJp9Fr5VTdKgk-O1Br4sYTAnQLqBWquEdDJ2ETejpK7XsPynqTupZe_51YhcGqO1XtiBfh87ZokqlclOt1uI-38-Zz_KPOt1ermzFrfDFxvRXLUXiD8~
观想科技,12-20K,DBA数据库工程师,5-10年,本科,成都·双流区·华阳,20-99人,DBA,Oracle,SQL,https://www.zhipin.com/job_detail/c44cd6a0ae4780410HFy0tu7E1o~.html?lid=89AapUgEF39.search.262&securityId=jEAjIHBj4EoEy-M1sxkm8Rcx-OzgWmW0eVCFGTkMIBwf5EIZM4v3nKyAxZiTh2zC02PsV9AWrezZNFrg6l3I_Fo4ml7YonvzelGqUe8vnYF5uuxXWA~~
运荔枝科,15-20K,高级数据产品经理,3-5年,本科,成都·锦江区·柳江,20-99人,数据产品,大数据产品,需求分析,https://www.zhipin.com/job_detail/d475136a2036c8af0Hx_2Nq4E1c~.html?lid=89AapUgEF39.search.263&securityId=fMt8z93KuA3sj-G1JxQUiginwAqP6GTPGj1K4BoiKxad9FYgwwq8y9y--cf6uo1e_g-Fs8BsCPLBMSaDcjzDg1wYSILnhyIC3x4ckULvy6nUvb6K4w~~
任小满,10-15K,数据运营产品经理,3-5年,本科,成都·武侯区·新会展中心,20-99人,产品设计,数据分析,数据运营,https://www.zhipin.com/job_detail/b3c64425e60623c31XV_2tq5EVJQ.html?lid=89AapUgEF39.search.264&securityId=e9MvyEGoMEvcI-Q1CtqGdla8b2mCWVYv_Q0Ffk-5vnAGao6mZxV3r8BBbQBmLrkhBohmqmz8wGdJ4jUIiTLxlItq0imwUkFeGHXjL6bGyX8rgXs0EUk~
京东集团,20-40K·14薪,数据挖掘工程师,3-5年,本科,成都·武侯区·机投,20-99人,数据挖掘,数据分析,Python,https://www.zhipin.com/job_detail/16d14c51f1bd2d061nR609u5FFZX.html?lid=89AapUgEF39.search.265&securityId=nyYWJxOmShaoM-X1BdFb2vRxR7v3g0cNL7AoT9D0Uf0LIMUzD2oylOkjGisSU9R-PeFPFbcoQ9zeQhGR-zBh89eHIVCnqYd7l7SVVXpk5wnay5U~
BME,15-30K·15薪,环保数据算法工程师,1-3年,硕士,成都·武侯区·新会展中心,20-99人,算法设计,Python,数据分析,https://www.zhipin.com/job_detail/7c9ad50d627b9de61n1-09y0EVdQ.html?lid=89AapUgEF39.search.266&securityId=aoZ48oyWsyWnv-f1rNxJkoiI2EyhvTOW071cMS2w08bIcaCE_c6ZhZMfe0kVOwzQdx2ngYbz3KgHoXkHAhh2epjoYpcAneljq2bRfmvSQocYOUKAdC0~
华为,30-50K,数据开发工程师,3-5年,本科,成都·郫都区·高新西,20-99人,SQL,数据分析,数据开发,https://www.zhipin.com/job_detail/971f10a4850652e41nVy0t-4E1FV.html?lid=89AapUgEF39.search.267&securityId=GmvLLOPU1XhEz-N1JVWwfGtRzl7_KqWfmHfao1WqRZaCcl7Yc5NZtbh7gtpZbKZxOFpWffzJ0R3eGD0inaaa-N4qaWAZI-hhnaJXXUb6H9nwlA~~
贵州润可,18-22K,大数据开发工程师,3-5年,本科,成都·武侯区·孵化园,20-99人,ETL,数据库开发,数据挖掘,https://www.zhipin.com/job_detail/381d5cf0c3c502ad0nJz2Nm_ElI~.html?lid=89AapUgEF39.search.268&securityId=df_bDUwE31Zzb-81GPgv4-TqBNhinVGxoFJfclpzJP-fcLe5EsqteV-9GuWSwFFOT9Ei2zFPZ9GkwFFAkNgWE_KPjchGgCmzWKdC5nNBdVMeNelM
成都蚂蚁集团,4-6K,数据分析员,经验不限,大专,成都·武侯区·高朋大道,20-99人,坐班,,,https://www.zhipin.com/job_detail/dceb5667bd0474001XV62NW9FVVR.html?lid=89AapUgEF39.search.269&securityId=cuOOjBmP-JrTV-F1cnCvn7Y5pETEVm3-HeErCBNgNM0-eEyIBKFtZYJbkF-wILcfVGWqvqpawJTYb2XWP3voSEpfckKbZ4QyJ2B-UHSloZyGhe8~
西瓜创客,12-20K·14薪,大数据分析师,3-5年,本科,成都·双流区·华阳,20-99人,SQL,Excel,回归分析,https://www.zhipin.com/job_detail/ef96dd0a80465b0e1XVz09W-FFFQ.html?lid=89AapUgEF39.search.270&securityId=Elm59bKyIoWUB-C1IbSDN3Om9V8UJNYDJj3P95iibf0JpJ_HnUnt4UJlDKT8DqxYzHHlpagYSvvuPjTX2DmLbY31LPteKjmcpsN2FYIPuJxiZSA~
饿了么,20-35K·13薪,阿里本地生活-BI数据分析师-成都P7,5-10年,本科,成都·锦江区·合江亭,10000人以上,SQL,Excel,,https://www.zhipin.com/job_detail/e214f9685632a79b1XZ839i8EVJU.html?lid=89AapUgEF39.search.271&securityId=2zBRi2CCsxfh5-B1QmKzKb7SbwKEzU5-cerFLXKqVCbawbpTr6gJuZR8WXq-WpZShG8IjXh8NzShqPEKccdYoSk0nP-a0-Zbl3yI3vCipFeooRc~
腾讯,30-60K,《王者荣耀》商业数据分析师/咨询顾问-成都,3-5年,本科,成都·武侯区·新会展中心,10000人以上,Python,SPSS,Tableau,https://www.zhipin.com/job_detail/54a882353860a23f1XZ62N-8GVRR.html?lid=89AapUgEF39.search.272&securityId=az8QCiCSyRyab-v1Qp3CPEOZxzZ22jiY_9xCmzeLtykR0UGBMJYf2K-CvCo9c2twJo9v8_ny0cUuk4ypuqc1et8mjEJYRJH_lPKSv_l3rl95xdby1kc~
书声科技,4-5K,商业分析师（实习生）,在校/应届,学历不限,成都·武侯区·新会展中心,10000人以上,商业分析,教育行业,数据分析,https://www.zhipin.com/job_detail/13089f25993cf80f1nRz3d-_ElZX.html?lid=89AapUgEF39.search.273&securityId=v20dqG7yb2KEH-21l8Xn0yb62_5BZXVAFb4neR981Y-oe06mkFM85mT48g3HsbQRq2y3bBSqY82dXKYWhnqwWv1XLqjnNIUzMOnRny_r21sf0Fyd
麦可思数据科技,6-10K,数据分析师（欢迎应届生投递）,经验不限,本科,成都·双流区·华阳,10000人以上,Excel,SAS,报告撰写,https://www.zhipin.com/job_detail/e710cd0c5ea8a7731nJ82dy5E1NQ.html?lid=89AapUgEF39.search.274&securityId=Pe15M9wipXVoK-21DwiQS-ZDtACSCogo5lUuZnv83y0v5sJU4NAJv0p56ks8e4FxKHKChg429HPAX2Qj3_dgzJvD9NEHWVszXI5__2SFYkr4QO0Q0dQ~
星合互娱,8-13K,游戏数据运营,经验不限,学历不限,成都·武侯区·新会展中心,10000人以上,游戏类产品,游戏运营,数据分析,https://www.zhipin.com/job_detail/bb5ae964d41be8e61XV429u1FVpR.html?lid=89AapUgEF39.search.275&securityId=3VPi_PRYpCQ4X-N1gxoSoQ2pyYNPaC9B4fxsj_Sm-DXt4eFKFQTAOxk9DW6TU9X9YQXQGStEwhr962VMhSC7OGJGPS10QeA4BXS_WcXQLib5THxTL6o~
蚂蚁金服,25-50K·16薪,业务数据开发工程师,3-5年,本科,成都·武侯区·新会展中心,10000人以上,ETL,数据分析,分布式技术,https://www.zhipin.com/job_detail/c1913e9951b2fc973nN_0ty5F1M~.html?lid=89AapUgEF39.search.276&securityId=x4kdgKyt0ukY7-81zR3nNFhKKkA0HKcv3NItPUO4D2LAmFxyYsyK7deXAF1eHeIMZyEa7-ahPzJ7frI0VS9LiIA2kiU3yJ2_coz9WDOasKN3
运荔枝科,15-20K,大数据BI工程师,3-5年,本科,成都·锦江区·柳江,10000人以上,数据仓库,ETL,DBA,https://www.zhipin.com/job_detail/377920d9a7c4405f0Hx_2Nq_ElM~.html?lid=89AapUgEF39.search.277&securityId=Ts0Af5T6ZwuN6-g1Y2aCqcePSv7j2NgX2OSVdy-tVpWmX9LhC_QmtAglmbkM0Pd1uw4OcpSgkq9drmo0TG7lCDs8BYxHm9CZACro7LSXNDv489-gkw~~
久远银海,12-20K·13薪,大数据产品经理,3-5年,本科,成都·锦江区·柳江,10000人以上,市场调研,产品设计,数据分析,https://www.zhipin.com/job_detail/990992d9c7ce187b1XZ62N26GVZV.html?lid=89AapUgEF39.search.278&securityId=eo1NY1FAIM9pa-21ECT694W6H1VxcGAPjnUqO9ya_FQTAWogUqE0hITMjyi_MzM7Q66RLlwC0S1GmUjOKCNpcfAY1tth-ePSK4fnTle01gNkop7arGMncmRvoCSo-PJ8P53p2yxJZFMRt13VwjR_
今日头条,30-45K·15薪,数据产品经理-生活服务,5-10年,本科,成都·武侯区·新会展中心,10000人以上,数据产品,数据分析,数据体系建设,https://www.zhipin.com/job_detail/7fb8279b4b2a53a71Xd739S-EFFR.html?lid=89AapUgEF39.search.279&securityId=9OtKZVdZQQTb6-J1W4NJ_F3Br-r7ufLscGxg3XwPb5IzpHkDnqXFyip6fwDiBL9mESB2OygZ2vv80jAMJMOU-eRYlae4FKnnc0KsnLvsS8fdZHM~
MAKE1,5-10K,数据分析员,1年以内,本科,成都·青羊区·黄田坝,10000人以上,Python,,,https://www.zhipin.com/job_detail/b2a54a2b27b132721XV50t-9F1dW.html?lid=89AapUgEF39.search.280&securityId=hXJ0WH2VQ7LIl-L1t4tYcAaXSVl24h4JYr06r97awBV4mCf2ojUNwQJ9Myu194hlb19FnRJpbt_7DY7t44NjxbOVH31JT690ruLCx8iuplye
成都蚂蚁集团,4-5K,业务数据分析员,经验不限,本科,成都,10000人以上,描述统计,,,https://www.zhipin.com/job_detail/98c17a9698e6a9241nZ-3927EFNR.html?lid=89AapUgEF39.search.281&securityId=byJrC3QC0IDV5-c1WQEEw7a1UDCHfJzni4C6y-VKtl0E69_aoRI_zymPZ0cNYgUCBxjPKRTIe2dIDu-F_elsrOAGWSIeOED5_fUMPqolIQPmAkk~
北京字节跳动,18-35K·15薪,资深数据科学家-风控安全,3-5年,本科,成都·成华区·万象城,10000人以上,数据分析,Hadoop,Hive,https://www.zhipin.com/job_detail/4ebf96801dba81d01Xd629S8FVFX.html?lid=89AapUgEF39.search.282&securityId=8R_gHzd7THdZK-t1NTlK-D9Nb8Fw0B8461g9IcwN4WJ8MjOoBijjkbpxOhxVoHcTjcbOIkDhB5n5oNsAM9q7xu0sG2zBHRvicG4SXtScHnnqOfA8Kw~~
达实旗云,18-25K,数据仓库工程师,5-10年,本科,成都·武侯区·新会展中心,10000人以上,SQL,数据建模,数据分析,https://www.zhipin.com/job_detail/9f75c227cb34a1111XR82dS_FlVW.html?lid=89AapUgEF39.search.283&securityId=yzsZcEgstOXCK-71djX600LYqu5FW8_Qrx-aEhVMDJUh1vC29sP53uunalIRTbFuA8uV-rYk0lJzKk4NHuUQSv4vVYSjUGwWm6f2s96yiIDhs_-6VXM_
星合互娱,10-15K,数据产品经理,1-3年,本科,成都·武侯区·新会展中心,10000人以上,SQL,产品设计,数据分析,https://www.zhipin.com/job_detail/834b0a56ca17863e1XV40tW4EFpW.html?lid=89AapUgEF39.search.284&securityId=RP58Ih6H9wETm-216G1Bv3ZtYxpsQ3TL17PwxLhs6DKKFkQPoifphYpnaAuMmeWdIjEx_It5VTY_NWtZryDFZm7shg6f8qgjT7gKFcnay_NH8HeQyA~~
书声科技,12-20K·13薪,数据产品经理,3-5年,本科,成都·武侯区·新会展中心,10000人以上,产品设计,需求分析,数据产品,https://www.zhipin.com/job_detail/aec04b2e398b12ce33J529y8E1U~.html?lid=89AapUgEF39.search.285&securityId=oLfP3VdheFAfx-x1E6de0iAg5hJUySLQIZyfGNHa8TlaEupdenGOrBETjndvxnZVd-qXGB8fQIM-25PB6_2ZZEZgOluOOvRajc_F0dRhAYAHbjg~
运荔枝科,15-20K,大数据BI工程师,3-5年,本科,成都·锦江区·柳江,10000人以上,数据仓库,ETL,数据分析,https://www.zhipin.com/job_detail/7a23de4ea4c6d98f0HN709y4E1I~.html?lid=89AapUgEF39.search.286&securityId=HuH6UXTTSsmQL-R1eePT6dm8y5Ql4bZL2NYJR26eEV4W9uRAj3SWBkQhOilk1GyF-2FDumc9OZ0VtzbIvx8D9ZFqXnMYEUGCL1L5ZaCqXZcttxdO
蚂蚁金服,20-40K·17薪,数据建模/数据仓库/ETL数据研发,3-5年,本科,成都·武侯区·银泰城,10000人以上,数据仓库,ETL,数据挖掘,https://www.zhipin.com/job_detail/e0dcb722415b5a991nV_3du5EFZQ.html?lid=89AapUgEF39.search.287&securityId=V25ke085tBlOd-I1ivnu7-Rt7nGlkJBahJcE14kp3r05hJ6YYfl9TuMGddUYK4--c4TW3NfWw15ixdDGrl8kwD8U0TfmFsQ6_y0AuBNoxGj2cQ~~
久远银海,10-15K,医疗大数据产品经理,5-10年,本科,成都·锦江区·柳江,10000人以上,数据分析,产品规划,数据产品,https://www.zhipin.com/job_detail/c292d39b74d7c8e11XR639W1GVRQ.html?lid=89AapUgEF39.search.288&securityId=qSnrqyCRCVHBQ-T1_IRgVg8iE3abQhHt1e3ELanHKQ0rHxGDImJiXxcmGzX1Ocp1yUuMF35vQyGlsd8nSlis7GwgrAunE1KYgGA17C9BnQVqi3RczA~~
今日头条,27-50K·15薪,经营分析专家,3-5年,本科,成都·成华区·万象城,10000人以上,Excel,Tableau,电商,https://www.zhipin.com/job_detail/c9f135de0ac1466c1XV_2Nq7GFpW.html?lid=89AapUgEF39.search.289&securityId=9QCyye9tNQhXB-k1eW3eNyvMXxP6mFFjYShO2dAcRD0NNMzF7ooOU27zi89lo88Ag2n7S_bIa8P1VhApYWZsxCeQ22mmoWQxWEQZ0b32cFiBCw~~
久远银海,10-15K·13薪,大数据产品经理（民政行业部）,3-5年,本科,成都·锦江区·柳江,10000人以上,大数据产品,需求分析,产品设计,https://www.zhipin.com/job_detail/18e0170fc523ea971XZ_3tS1GVBX.html?lid=89AapUgEF39.search.290&securityId=l42tPQxqj4Ami-S1AHy8Yk1RLt07arF7ytbaB-IMFY6-yrigzSHIwt-EQ9bwX2v1U4MDOqBjHGoT1sYQmYxL6hP4IIuniN5ylJ9tfS0zBvjO2qof
北京字节跳动,5-8K·13薪,字节跳动数据支持BP-成都,经验不限,本科,成都·成华区·万象城,10000人以上,Excel,数据分析,指标测算,https://www.zhipin.com/job_detail/4db597571b3dfef61XZ80ti0EFtR.html?lid=89AapUgEF39.search.291&securityId=vUsK7veLK2Qgs-m1cJPmmLv36Y9qSRAOKm3Ibl45BY_5FZeo6X6GDQNsHAaz7mFBAIFeDfFyKnwWiO4ozHS83Fb-4preIkH074yKFGvxCMgq1Lga
